Class,Method,Commit Number,Commit Hash,Diff URL,Code Churn,Lines Added,Lines Deleted,Modified Files,From CBO,To CBO,From LOC,To LOC,From RFC,To RFC,From WMC,To WMC,Methods Invoked Qty,Refactoring Patterns
com.kronotop.redis.BaseHandlerTest,tearDown,23 -> 91,f0376680f5b066951cb02fe1c198f60032a0be3a -> 6111512e718a3abfaab24749cb974a0bd8ecf68a,"['https://github.com/kronotop/kronotop/commit/f0376680f5b066951cb02fe1c198f60032a0be3a', 'https://github.com/kronotop/kronotop/commit/6111512e718a3abfaab24749cb974a0bd8ecf68a', 'https://github.com/kronotop/kronotop/commit/948898fcd7faa64e7fc0d0fc77b52e017767f928']",25,0,25,274,2.0,1.0,6.0,6.0,1.0,1.0,2.0,2.0,1,"kronotop/src/test/java/com/kronotop/redis/BaseHandlerTest.java: [Replace Variable With Attribute(4), Change Variable Type(4), Remove Parameter(4), Change Method Access Modifier(3), Rename Method(2), Remove Method Modifier(1), Move Method(1)]"
com.kronotop.redis.handlers.connection.AuthHandler,execute,108 -> 139,b2a4200fad09201fab03f9c11e87ee5db9ffd051 -> f2341d612706e3590941d318e02d55a2862406af,"['https://github.com/kronotop/kronotop/commit/b2a4200fad09201fab03f9c11e87ee5db9ffd051', 'https://github.com/kronotop/kronotop/commit/f2341d612706e3590941d318e02d55a2862406af']",0,0,0,646,6.0,5.0,43.0,43.0,16.0,16.0,8.0,8.0,16,kronotop/src/main/java/com/kronotop/redis/handlers/connection/AuthHandler.java: [Move Class(1)] kronotop/src/test/java/com/kronotop/redis/handlers/connection/AuthHandlerTest.java: [Move Class(1)] kronotop/src/test/java/com/kronotop/redis/handlers/connection/AuthHandlerRequirePassTest.java: [Move Method(1)]
com.kronotop.volume.Segment,updateMetadataPosition,95 -> 103,0d2f3ad98b192c528ba6ea4f2d3566b5a07104dc -> c90e3bfa57d77a86466fe9714342511c386dfebe,"['https://github.com/kronotop/kronotop/commit/0d2f3ad98b192c528ba6ea4f2d3566b5a07104dc', 'https://github.com/kronotop/kronotop/commit/c90e3bfa57d77a86466fe9714342511c386dfebe', 'https://github.com/kronotop/kronotop/commit/5f4e5e4c2f95089b50bef05ae4bdebe65f1e9865']",0,0,0,80,2.0,1.0,14.0,14.0,8.0,8.0,2.0,2.0,8,"kronotop/src/main/java/com/kronotop/volume/Segment.java: [Extract Method(6), Change Parameter Type(4), Rename Parameter(4), Remove Parameter(3), Move Attribute(3), Change Class Access Modifier(2), Change Attribute Access Modifier(2), Remove Attribute Modifier(1)]"
com.kronotop.redis.server.CommandHandler,execute,103 -> 139,c90e3bfa57d77a86466fe9714342511c386dfebe -> f2341d612706e3590941d318e02d55a2862406af,"['https://github.com/kronotop/kronotop/commit/fab201dc6575062858d6eab93af9a150fd74c87a', 'https://github.com/kronotop/kronotop/commit/eb652d4fc806c2fadc196492e54abe0cda6ec87f', 'https://github.com/kronotop/kronotop/commit/2c9b6304561bc015c85d2d48e282e43914755521', 'https://github.com/kronotop/kronotop/commit/2f30580cd6f68119a334eb1bd046e5866bd6d766', 'https://github.com/kronotop/kronotop/commit/c90e3bfa57d77a86466fe9714342511c386dfebe', 'https://github.com/kronotop/kronotop/commit/f2341d612706e3590941d318e02d55a2862406af']",0,0,0,646,6.0,5.0,36.0,36.0,16.0,16.0,9.0,9.0,31,"kronotop/src/main/java/com/kronotop/redis/server/CommandHandler.java: [Extract Method(224), Rename Variable(8), Inline Variable(7), Parameterize Variable(4)]"
com.kronotop.core.cluster.coordinator.CoordinatorService$CoordinatorEventsJournalWatcher,run,17 -> 22,866d359e78d55c68b83e8f463fe03a051ae83959 -> 4118cff51395ca4ef5e934da70f5b9433f0df25b,"['https://github.com/kronotop/kronotop/commit/866d359e78d55c68b83e8f463fe03a051ae83959', 'https://github.com/kronotop/kronotop/commit/4118cff51395ca4ef5e934da70f5b9433f0df25b', 'https://github.com/kronotop/kronotop/commit/63973609f41895499756e4c5ddbf70e1625d05f2']",24,23,1,79,6.0,5.0,29.0,29.0,16.0,16.0,5.0,5.0,16,"kronotop/src/main/java/com/kronotop/core/cluster/coordinator/CoordinatorService.java: [Extract Class(5), Invert Condition(2), Move Attribute(2), Move And Rename Class(1)]"
com.kronotop.core.cluster.coordinator.CoordinatorService,completeAssignShardTask,17 -> 22,866d359e78d55c68b83e8f463fe03a051ae83959 -> 4118cff51395ca4ef5e934da70f5b9433f0df25b,"['https://github.com/kronotop/kronotop/commit/866d359e78d55c68b83e8f463fe03a051ae83959', 'https://github.com/kronotop/kronotop/commit/4118cff51395ca4ef5e934da70f5b9433f0df25b']",396,290,106,79,5.0,5.0,5.0,4.0,7.0,6.0,1.0,1.0,7,"kronotop/src/main/java/com/kronotop/core/cluster/coordinator/CoordinatorService.java: [Extract Class(5), Invert Condition(2), Move Attribute(2), Move And Rename Class(1)]"
com.kronotop.NamespaceUtils,open,105 -> 164,6e4a5af7e55a58de05243eaf5dfdde69f46ce3a0 -> 10b44c6dd4a39973beba45e0c2ccc73e88d21afa,"['https://github.com/kronotop/kronotop/commit/1f3bce618683711f47478136f32d57a0782f7047', 'https://github.com/kronotop/kronotop/commit/6e4a5af7e55a58de05243eaf5dfdde69f46ce3a0', 'https://github.com/kronotop/kronotop/commit/10b44c6dd4a39973beba45e0c2ccc73e88d21afa']",1,0,1,1,5.0,5.0,15.0,14.0,8.0,6.0,3.0,3.0,15,kronotop/src/main/java/com/kronotop/NamespaceUtils.java: [Extract Method(27)]
com.kronotop.cluster.MembershipService,processMemberJoinEvent,108 -> 109,b2a4200fad09201fab03f9c11e87ee5db9ffd051 -> 08d741ec79cd5537581a97dfa551814c18bfa4e6,"['https://github.com/kronotop/kronotop/commit/c90e3bfa57d77a86466fe9714342511c386dfebe', 'https://github.com/kronotop/kronotop/commit/b2a4200fad09201fab03f9c11e87ee5db9ffd051', 'https://github.com/kronotop/kronotop/commit/08d741ec79cd5537581a97dfa551814c18bfa4e6', 'https://github.com/kronotop/kronotop/commit/2b8b62d5d0c96b4cd0f97bf29470753b43b0442f', 'https://github.com/kronotop/kronotop/commit/7b444e2c850fb42183297990bb989b7546adbc5d']",28,4,24,100,10.0,9.0,11.0,11.0,11.0,11.0,1.0,1.0,8,"kronotop/src/main/java/com/kronotop/cluster/MembershipService.java: [Change Return Type(16), Extract Method(9), Remove Thrown Exception Type(9), Move And Inline Method(9), Change Variable Type(8), Parameterize Variable(6), Rename Variable(6), Change Method Access Modifier(4), Add Parameter Annotation(4), Extract Variable(3), Rename Attribute(2), Remove Parameter(2), Move And Rename Method(2), Move Attribute(1), Add Method Modifier(1), Add Parameter(1)]"
com.kronotop.volume.replication.ReplicationSlot,load,111 -> 130,1a02b36acf1820cbba32152b9e0dc70f83d649ba -> 86cc818f36ceb62d4f449d413d59651546c6fcf9,"['https://github.com/kronotop/kronotop/commit/1a02b36acf1820cbba32152b9e0dc70f83d649ba', 'https://github.com/kronotop/kronotop/commit/86cc818f36ceb62d4f449d413d59651546c6fcf9']",146,134,12,57,7.0,4.0,8.0,3.0,4.0,5.0,2.0,1.0,4,"kronotop/src/main/java/com/kronotop/volume/replication/ReplicationSlotNotFoundException.java: [Rename Class(1)] kronotop/src/main/java/com/kronotop/volume/replication/ReplicationSlot.java: [Extract Method(32), Rename Variable(12), Add Parameter(9), Remove Parameter(9), Parameterize Variable(4), Change Return Type(4), Add Class Annotation(3)]"
com.kronotop.KronotopTestInstance,start,108 -> 111,b2a4200fad09201fab03f9c11e87ee5db9ffd051 -> 1a02b36acf1820cbba32152b9e0dc70f83d649ba,"['https://github.com/kronotop/kronotop/commit/9f7c76a71454bb363864bb5c728215fe742bacd9', 'https://github.com/kronotop/kronotop/commit/7afa4760eb2176657795f4cfa123da24d1c8bfd4', 'https://github.com/kronotop/kronotop/commit/509435cab557b94d052f88b3a45c51a3acb1f3b5', 'https://github.com/kronotop/kronotop/commit/0d2f3ad98b192c528ba6ea4f2d3566b5a07104dc', 'https://github.com/kronotop/kronotop/commit/2f30580cd6f68119a334eb1bd046e5866bd6d766', 'https://github.com/kronotop/kronotop/commit/c90e3bfa57d77a86466fe9714342511c386dfebe', 'https://github.com/kronotop/kronotop/commit/b2a4200fad09201fab03f9c11e87ee5db9ffd051', 'https://github.com/kronotop/kronotop/commit/1a02b36acf1820cbba32152b9e0dc70f83d649ba', 'https://github.com/kronotop/kronotop/commit/3933a42bf18e452ecfb2697ff838dd90098d6e7b', 'https://github.com/kronotop/kronotop/commit/8c62d3d41b81e4689ff81be2eef4bd99cacfcea1']",73,55,18,139,4.0,2.0,12.0,11.0,11.0,10.0,2.0,2.0,4,"kronotop/src/test/java/com/kronotop/KronotopTestInstance.java: [Extract Method(10), Change Variable Type(4)]"
com.kronotop.cluster.MembershipService,updateMemberStatusAndLeftCluster,108 -> 109,b2a4200fad09201fab03f9c11e87ee5db9ffd051 -> 08d741ec79cd5537581a97dfa551814c18bfa4e6,"['https://github.com/kronotop/kronotop/commit/b2a4200fad09201fab03f9c11e87ee5db9ffd051', 'https://github.com/kronotop/kronotop/commit/08d741ec79cd5537581a97dfa551814c18bfa4e6']",28,4,24,100,5.0,4.0,12.0,12.0,11.0,10.0,2.0,2.0,11,"kronotop/src/main/java/com/kronotop/cluster/MembershipService.java: [Change Return Type(16), Extract Method(9), Remove Thrown Exception Type(9), Move And Inline Method(9), Change Variable Type(8), Parameterize Variable(6), Rename Variable(6), Change Method Access Modifier(4), Add Parameter Annotation(4), Extract Variable(3), Rename Attribute(2), Remove Parameter(2), Move And Rename Method(2), Move Attribute(1), Add Method Modifier(1), Add Parameter(1)]"
com.kronotop.volume.replication.ReplicationSlot,slotKey,111 -> 130,1a02b36acf1820cbba32152b9e0dc70f83d649ba -> 86cc818f36ceb62d4f449d413d59651546c6fcf9,"['https://github.com/kronotop/kronotop/commit/1a02b36acf1820cbba32152b9e0dc70f83d649ba', 'https://github.com/kronotop/kronotop/commit/86cc818f36ceb62d4f449d413d59651546c6fcf9']",146,134,12,57,4.0,4.0,4.0,3.0,7.0,5.0,1.0,1.0,7,"kronotop/src/main/java/com/kronotop/volume/replication/ReplicationSlotNotFoundException.java: [Rename Class(1)] kronotop/src/main/java/com/kronotop/volume/replication/ReplicationSlot.java: [Extract Method(32), Rename Variable(12), Add Parameter(9), Remove Parameter(9), Parameterize Variable(4), Change Return Type(4), Add Class Annotation(3)]"
com.kronotop.volume.replication.ReplicationSlot,compute,111 -> 130,1a02b36acf1820cbba32152b9e0dc70f83d649ba -> 86cc818f36ceb62d4f449d413d59651546c6fcf9,"['https://github.com/kronotop/kronotop/commit/1a02b36acf1820cbba32152b9e0dc70f83d649ba', 'https://github.com/kronotop/kronotop/commit/86cc818f36ceb62d4f449d413d59651546c6fcf9']",146,134,12,57,7.0,4.0,11.0,3.0,7.0,5.0,2.0,1.0,7,"kronotop/src/main/java/com/kronotop/volume/replication/ReplicationSlotNotFoundException.java: [Rename Class(1)] kronotop/src/main/java/com/kronotop/volume/replication/ReplicationSlot.java: [Extract Method(32), Rename Variable(12), Add Parameter(9), Remove Parameter(9), Parameterize Variable(4), Change Return Type(4), Add Class Annotation(3)]"
com.kronotop.volume.Volume,Volume,95 -> 108,0d2f3ad98b192c528ba6ea4f2d3566b5a07104dc -> b2a4200fad09201fab03f9c11e87ee5db9ffd051,"['https://github.com/kronotop/kronotop/commit/00ffc5be77f706507d41aa41cc1c3cbfac4407b9', 'https://github.com/kronotop/kronotop/commit/0d2f3ad98b192c528ba6ea4f2d3566b5a07104dc', 'https://github.com/kronotop/kronotop/commit/b2a4200fad09201fab03f9c11e87ee5db9ffd051', 'https://github.com/kronotop/kronotop/commit/b88cd9048320537c135b52267e84db3cceed5909', 'https://github.com/kronotop/kronotop/commit/86cc818f36ceb62d4f449d413d59651546c6fcf9']",14,7,7,480,3.0,3.0,6.0,7.0,6.0,3.0,1.0,1.0,5,"kronotop/src/main/java/com/kronotop/volume/Volume.java: [Extract Method(44), Rename Variable(12), Rename Method(8), Inline Variable(7), Add Parameter(6), Extract Class(5), Change Variable Type(4), Change Return Type(4), Move Attribute(4), Add Thrown Exception Type(3), Rename Attribute(2), Change Attribute Access Modifier(2), Add Attribute Annotation(1)] kronotop/src/main/java/com/kronotop/volume/VolumeMetadata.java: [Change Return Type(4), Change Attribute Type(2), Add Attribute Annotation(2), Remove Attribute Annotation(2), Move Attribute(2)] kronotop/src/test/java/com/kronotop/volume/VolumeTest.java: [Rename Variable(8), Inline Variable(5), Extract Variable(5), Extract Class(5), Change Attribute Access Modifier(5), Change Variable Type(4), Move Attribute(3), Rename Method(2), Extract Superclass(2), Pull Up Attribute(2), Move And Rename Method(1)]"
com.kronotop.cluster.handlers.DescribeClusterSubcommand,execute,109 -> 112,08d741ec79cd5537581a97dfa551814c18bfa4e6 -> 2b8b62d5d0c96b4cd0f97bf29470753b43b0442f,"['https://github.com/kronotop/kronotop/commit/b2a4200fad09201fab03f9c11e87ee5db9ffd051', 'https://github.com/kronotop/kronotop/commit/08d741ec79cd5537581a97dfa551814c18bfa4e6', 'https://github.com/kronotop/kronotop/commit/2b8b62d5d0c96b4cd0f97bf29470753b43b0442f', 'https://github.com/kronotop/kronotop/commit/61ce8ece085f41d19b28f258874ad762c3724411', 'https://github.com/kronotop/kronotop/commit/f2341d612706e3590941d318e02d55a2862406af']",0,0,0,51,11.0,10.0,19.0,16.0,13.0,12.0,4.0,3.0,14,"kronotop/src/main/java/com/kronotop/cluster/handlers/DescribeClusterSubcommand.java: [Extract And Move Method(7), Change Method Access Modifier(1), Pull Up Method(1)]"
com.kronotop.cluster.MemberEvent,MemberEvent,103 -> 111,c90e3bfa57d77a86466fe9714342511c386dfebe -> 1a02b36acf1820cbba32152b9e0dc70f83d649ba,"['https://github.com/kronotop/kronotop/commit/c90e3bfa57d77a86466fe9714342511c386dfebe', 'https://github.com/kronotop/kronotop/commit/1a02b36acf1820cbba32152b9e0dc70f83d649ba']",18,2,16,139,1.0,1.0,5.0,4.0,2.0,0.0,1.0,1.0,2,"kronotop/src/main/java/com/kronotop/cluster/MemberEvent.java: [Add Method Annotation(9), Extract Class(9), Rename Method(4), Change Parameter Type(4), Move Attribute(3), Change Class Access Modifier(2), Extract Superclass(2), Move Method(2), Rename Parameter(2), Move And Rename Method(2), Push Down Method(1)] kronotop/src/main/java/com/kronotop/cluster/MemberEventLegacy.java: [Extract Class(8), Change Parameter Type(4), Move Attribute(3), Move Method(2), Move And Rename Method(2)]"
com.kronotop.core.cluster.coordinator.CoordinatorService,reassignShardOwnership,17 -> 22,866d359e78d55c68b83e8f463fe03a051ae83959 -> 4118cff51395ca4ef5e934da70f5b9433f0df25b,"['https://github.com/kronotop/kronotop/commit/866d359e78d55c68b83e8f463fe03a051ae83959', 'https://github.com/kronotop/kronotop/commit/4118cff51395ca4ef5e934da70f5b9433f0df25b']",396,290,106,79,12.0,13.0,11.0,9.0,13.0,13.0,1.0,1.0,13,"kronotop/src/main/java/com/kronotop/core/cluster/coordinator/CoordinatorService.java: [Extract Class(5), Invert Condition(2), Move Attribute(2), Move And Rename Class(1)]"
com.kronotop.cluster.Member,equals,103 -> 108,c90e3bfa57d77a86466fe9714342511c386dfebe -> b2a4200fad09201fab03f9c11e87ee5db9ffd051,"['https://github.com/kronotop/kronotop/commit/1f3bce618683711f47478136f32d57a0782f7047', 'https://github.com/kronotop/kronotop/commit/c90e3bfa57d77a86466fe9714342511c386dfebe', 'https://github.com/kronotop/kronotop/commit/b2a4200fad09201fab03f9c11e87ee5db9ffd051']",23,20,3,480,1.0,1.0,9.0,9.0,4.0,2.0,3.0,3.0,4,"kronotop/src/main/java/com/kronotop/cluster/Member.java: [Remove Variable Modifier(4), Encapsulate Attribute(3), Rename Method(2), Rename Attribute(2)] kronotop/src/main/java/com/kronotop/cluster/MemberEvent.java: [Add Method Annotation(9), Extract Class(9), Rename Method(4), Change Parameter Type(4), Move Attribute(3), Change Class Access Modifier(2), Extract Superclass(2), Move Method(2), Rename Parameter(2), Move And Rename Method(2), Push Down Method(1)] kronotop/src/main/java/com/kronotop/cluster/MemberJoinEvent.java: [Remove Parameter(6), Change Method Access Modifier(4), Rename Parameter(4), Add Parameter(3)] kronotop/src/main/java/com/kronotop/cluster/MemberLeftEvent.java: [Remove Parameter(6), Change Method Access Modifier(4), Rename Parameter(4), Add Parameter(3)] kronotop/src/main/java/com/kronotop/cluster/MembershipService.java: [Rename Variable(16), Rename Parameter(8), Change Parameter Type(8), Inline Variable(7), Rename Method(6), Extract Variable(5), Change Variable Type(4), Rename Attribute(2)] kronotop/src/main/java/com/kronotop/cluster/MemberEventLegacy.java: [Extract Class(8), Change Parameter Type(4), Move Attribute(3), Move Method(2), Move And Rename Method(2)]"
com.kronotop.sql.backend.ddl.altertable.BaseAlterType,findColumnIndex,66 -> 77,19e48f7333a0c2909b303d493ae15b31bdd166c1 -> fb7a317ff731eb3cbde3aebb0f06fc6fb84ebec8,"['https://github.com/kronotop/kronotop/commit/19e48f7333a0c2909b303d493ae15b31bdd166c1', 'https://github.com/kronotop/kronotop/commit/fb7a317ff731eb3cbde3aebb0f06fc6fb84ebec8']",2,1,1,161,4.0,4.0,10.0,10.0,7.0,6.0,3.0,3.0,7,"kronotop/src/main/java/com/kronotop/sql/backend/ddl/altertable/BaseAlterType.java: [Rename Parameter(2), Change Method Access Modifier(1), Pull Up Method(1)]"
com.kronotop.cluster.handlers.BaseKrAdminSubcommandHandler,readMemberId,109 -> 136,08d741ec79cd5537581a97dfa551814c18bfa4e6 -> 37a600d21debadb0ee20e1632392c4d7c71feeec,"['https://github.com/kronotop/kronotop/commit/b2a4200fad09201fab03f9c11e87ee5db9ffd051', 'https://github.com/kronotop/kronotop/commit/08d741ec79cd5537581a97dfa551814c18bfa4e6', 'https://github.com/kronotop/kronotop/commit/37a600d21debadb0ee20e1632392c4d7c71feeec']",0,0,0,78,4.0,5.0,13.0,13.0,6.0,5.0,3.0,3.0,3,"kronotop/src/main/java/com/kronotop/cluster/handlers/BaseKrAdminSubcommandHandler.java: [Extract And Move Method(24), Localize Parameter(4), Rename Parameter(4), Change Return Type(4), Change Variable Type(4), Change Method Access Modifier(3), Push Down Method(2), Add Parameter(1), Pull Up Method(1), Move Method(1)]"
com.kronotop.volume.handlers.protocol.BaseMessage,readBytes,112 -> 128,2b8b62d5d0c96b4cd0f97bf29470753b43b0442f -> b88cd9048320537c135b52267e84db3cceed5909,"['https://github.com/kronotop/kronotop/commit/2b8b62d5d0c96b4cd0f97bf29470753b43b0442f', 'https://github.com/kronotop/kronotop/commit/b88cd9048320537c135b52267e84db3cceed5909', 'https://github.com/kronotop/kronotop/commit/f2341d612706e3590941d318e02d55a2862406af', 'https://github.com/kronotop/kronotop/commit/6546159a52986f7c92196c1f74317a64f1330741']",0,0,0,39,3.0,2.0,6.0,6.0,4.0,4.0,1.0,1.0,4,"kronotop/src/main/java/com/kronotop/volume/handlers/protocol/BaseMessage.java: [Extract Method(7), Pull Up Method(2), Change Method Access Modifier(2), Extract Superclass(1), Pull Up Attribute(1), Change Attribute Access Modifier(1)]"
com.kronotop.volume.SegmentMetadata,SegmentMetadata,105 -> 109,6e4a5af7e55a58de05243eaf5dfdde69f46ce3a0 -> 08d741ec79cd5537581a97dfa551814c18bfa4e6,"['https://github.com/kronotop/kronotop/commit/6e4a5af7e55a58de05243eaf5dfdde69f46ce3a0', 'https://github.com/kronotop/kronotop/commit/08d741ec79cd5537581a97dfa551814c18bfa4e6']",158,144,14,100,1.0,2.0,4.0,3.0,2.0,3.0,1.0,1.0,2,"kronotop/src/test/java/com/kronotop/volume/SegmentMetadataTest.java: [Move Class(1)] kronotop/src/main/java/com/kronotop/volume/SegmentMetadata.java: [Extract Class(13), Change Method Access Modifier(9), Move Method(7), Move Attribute(5), Change Class Access Modifier(2), Move And Rename Method(2), Change Return Type(2), Add Parameter(2), Remove Parameter(1)]"
com.kronotop.redis.cluster.SlotsSubcommand,execute,78 -> 84,ae552af1a941c46b50c36c69fa6d45e276294924 -> 69d9b687164a2c4aa887ce8b54fe84ba01646463,"['https://github.com/kronotop/kronotop/commit/ae552af1a941c46b50c36c69fa6d45e276294924', 'https://github.com/kronotop/kronotop/commit/69d9b687164a2c4aa887ce8b54fe84ba01646463']",32,5,27,8,12.0,8.0,34.0,15.0,13.0,8.0,5.0,2.0,13,kronotop/src/main/java/com/kronotop/redis/cluster/SlotsSubcommand.java: [Move Method(1)]
com.kronotop.core.cluster.coordinator.CoordinatorService,assignShardOwnership,17 -> 22,866d359e78d55c68b83e8f463fe03a051ae83959 -> 4118cff51395ca4ef5e934da70f5b9433f0df25b,"['https://github.com/kronotop/kronotop/commit/866d359e78d55c68b83e8f463fe03a051ae83959', 'https://github.com/kronotop/kronotop/commit/4118cff51395ca4ef5e934da70f5b9433f0df25b']",396,290,106,79,12.0,13.0,12.0,10.0,14.0,14.0,1.0,1.0,14,"kronotop/src/main/java/com/kronotop/core/cluster/coordinator/CoordinatorService.java: [Extract Class(5), Invert Condition(2), Move Attribute(2), Move And Rename Class(1)]"
com.kronotop.volume.VolumeConfigGenerator,newRedisShardVolumeConfig,128 -> 136,b88cd9048320537c135b52267e84db3cceed5909 -> 37a600d21debadb0ee20e1632392c4d7c71feeec,"['https://github.com/kronotop/kronotop/commit/c4d23420bf93acf1869e758a32a0953187122298', 'https://github.com/kronotop/kronotop/commit/b88cd9048320537c135b52267e84db3cceed5909', 'https://github.com/kronotop/kronotop/commit/37a600d21debadb0ee20e1632392c4d7c71feeec']",4,1,3,78,5.0,5.0,7.0,6.0,5.0,4.0,1.0,1.0,5,kronotop/src/main/java/com/kronotop/volume/VolumeConfigGenerator.java: [Extract Method(6)]
com.kronotop.volume.Volume,getAndIncreaseSegmentId,95 -> 96,0d2f3ad98b192c528ba6ea4f2d3566b5a07104dc -> 2c9b6304561bc015c85d2d48e282e43914755521,"['https://github.com/kronotop/kronotop/commit/0d2f3ad98b192c528ba6ea4f2d3566b5a07104dc', 'https://github.com/kronotop/kronotop/commit/2c9b6304561bc015c85d2d48e282e43914755521', 'https://github.com/kronotop/kronotop/commit/2f30580cd6f68119a334eb1bd046e5866bd6d766', 'https://github.com/kronotop/kronotop/commit/6e4a5af7e55a58de05243eaf5dfdde69f46ce3a0', 'https://github.com/kronotop/kronotop/commit/b2a4200fad09201fab03f9c11e87ee5db9ffd051']",6,4,2,101,2.0,1.0,10.0,10.0,7.0,7.0,2.0,2.0,7,"kronotop/src/main/java/com/kronotop/volume/Volume.java: [Extract Method(44), Rename Variable(12), Rename Method(8), Inline Variable(7), Add Parameter(6), Extract Class(5), Change Variable Type(4), Change Return Type(4), Move Attribute(4), Add Thrown Exception Type(3), Rename Attribute(2), Change Attribute Access Modifier(2), Add Attribute Annotation(1)] kronotop/src/main/java/com/kronotop/volume/VolumeMetadata.java: [Change Return Type(4), Change Attribute Type(2), Add Attribute Annotation(2), Remove Attribute Annotation(2), Move Attribute(2)] kronotop/src/test/java/com/kronotop/volume/VolumeTest.java: [Rename Variable(8), Inline Variable(5), Extract Variable(5), Extract Class(5), Change Attribute Access Modifier(5), Change Variable Type(4), Move Attribute(3), Rename Method(2), Extract Superclass(2), Pull Up Attribute(2), Move And Rename Method(1)]"
com.kronotop.volume.segment.Segment,createOrOpenSegmentMetadataFile,105 -> 136,6e4a5af7e55a58de05243eaf5dfdde69f46ce3a0 -> 37a600d21debadb0ee20e1632392c4d7c71feeec,"['https://github.com/kronotop/kronotop/commit/6e4a5af7e55a58de05243eaf5dfdde69f46ce3a0', 'https://github.com/kronotop/kronotop/commit/37a600d21debadb0ee20e1632392c4d7c71feeec']",6,6,0,78,1.0,2.0,10.0,10.0,5.0,4.0,2.0,2.0,5,"kronotop/src/main/java/com/kronotop/volume/segment/Segment.java: [Change Method Access Modifier(11), Change Return Type(2), Move Class(1), Change Attribute Access Modifier(1)] kronotop/src/test/java/com/kronotop/volume/segment/SegmentMetadataTest.java: [Move Class(1)] kronotop/src/test/java/com/kronotop/volume/segment/SegmentTest.java: [Change Variable Type(4), Rename Variable(4), Move Class(1)] kronotop/src/main/java/com/kronotop/volume/segment/SegmentMetadata.java: [Extract Class(12), Move Method(7), Change Method Access Modifier(7), Move Attribute(5)]"
com.kronotop.cluster.MembershipService,start,108 -> 109,b2a4200fad09201fab03f9c11e87ee5db9ffd051 -> 08d741ec79cd5537581a97dfa551814c18bfa4e6,"['https://github.com/kronotop/kronotop/commit/1f3bce618683711f47478136f32d57a0782f7047', 'https://github.com/kronotop/kronotop/commit/2c9b6304561bc015c85d2d48e282e43914755521', 'https://github.com/kronotop/kronotop/commit/2f30580cd6f68119a334eb1bd046e5866bd6d766', 'https://github.com/kronotop/kronotop/commit/c90e3bfa57d77a86466fe9714342511c386dfebe', 'https://github.com/kronotop/kronotop/commit/b2a4200fad09201fab03f9c11e87ee5db9ffd051', 'https://github.com/kronotop/kronotop/commit/08d741ec79cd5537581a97dfa551814c18bfa4e6', 'https://github.com/kronotop/kronotop/commit/d7d6f0776a8ce0370589c3d1e9c02a7839a5f6af']",28,4,24,100,10.0,8.0,32.0,28.0,23.0,21.0,6.0,5.0,14,"kronotop/src/main/java/com/kronotop/cluster/MembershipService.java: [Change Return Type(16), Extract Method(9), Remove Thrown Exception Type(9), Move And Inline Method(9), Change Variable Type(8), Parameterize Variable(6), Rename Variable(6), Change Method Access Modifier(4), Add Parameter Annotation(4), Extract Variable(3), Rename Attribute(2), Remove Parameter(2), Move And Rename Method(2), Move Attribute(1), Add Method Modifier(1), Add Parameter(1)]"
com.kronotop.redis.server.CommandHandler,processCommandInfo,103 -> 139,c90e3bfa57d77a86466fe9714342511c386dfebe -> f2341d612706e3590941d318e02d55a2862406af,"['https://github.com/kronotop/kronotop/commit/eb652d4fc806c2fadc196492e54abe0cda6ec87f', 'https://github.com/kronotop/kronotop/commit/2c9b6304561bc015c85d2d48e282e43914755521', 'https://github.com/kronotop/kronotop/commit/2f30580cd6f68119a334eb1bd046e5866bd6d766', 'https://github.com/kronotop/kronotop/commit/c90e3bfa57d77a86466fe9714342511c386dfebe', 'https://github.com/kronotop/kronotop/commit/f2341d612706e3590941d318e02d55a2862406af']",0,0,0,646,13.0,12.0,113.0,113.0,25.0,25.0,20.0,20.0,25,"kronotop/src/main/java/com/kronotop/redis/server/CommandHandler.java: [Extract Method(224), Rename Variable(8), Inline Variable(7), Parameterize Variable(4)]"
com.kronotop.core.cluster.MembershipService$ClusterEventsJournalWatcher,run,17 -> 22,866d359e78d55c68b83e8f463fe03a051ae83959 -> 4118cff51395ca4ef5e934da70f5b9433f0df25b,"['https://github.com/kronotop/kronotop/commit/866d359e78d55c68b83e8f463fe03a051ae83959', 'https://github.com/kronotop/kronotop/commit/4118cff51395ca4ef5e934da70f5b9433f0df25b', 'https://github.com/kronotop/kronotop/commit/63973609f41895499756e4c5ddbf70e1625d05f2']",10,9,1,79,6.0,5.0,27.0,27.0,15.0,15.0,5.0,5.0,15,"kronotop/src/main/java/com/kronotop/core/cluster/MembershipService.java: [Rename Variable(6), Change Variable Type(4), Rename Attribute(3), Rename Method(2), Change Attribute Type(2), Move And Rename Class(1), Rename Class(1), Remove Thrown Exception Type(1), Extract Class(1)] kronotop/src/test/java/com/kronotop/core/cluster/MembershipServiceTest.java: [Change Variable Type(10), Rename Variable(6), Move Method(1)]"
com.kronotop.core.cluster.MembershipService,MembershipService,17 -> 22,866d359e78d55c68b83e8f463fe03a051ae83959 -> 4118cff51395ca4ef5e934da70f5b9433f0df25b,"['https://github.com/kronotop/kronotop/commit/866d359e78d55c68b83e8f463fe03a051ae83959', 'https://github.com/kronotop/kronotop/commit/4118cff51395ca4ef5e934da70f5b9433f0df25b', 'https://github.com/kronotop/kronotop/commit/f1596416469c69a58b61d5ac8a4f2f01fbb8526e']",120,101,19,79,5.0,2.0,10.0,15.0,8.0,12.0,1.0,1.0,8,"kronotop/src/main/java/com/kronotop/core/cluster/MembershipService.java: [Rename Variable(6), Change Variable Type(4), Rename Attribute(3), Rename Method(2), Change Attribute Type(2), Move And Rename Class(1), Rename Class(1), Remove Thrown Exception Type(1), Extract Class(1)] kronotop/src/test/java/com/kronotop/core/cluster/MembershipServiceTest.java: [Change Variable Type(10), Rename Variable(6), Move Method(1)]"
com.kronotop.core.ProcessIdGeneratorImplTest,setup,22 -> 30,4118cff51395ca4ef5e934da70f5b9433f0df25b -> 928d68031095121e2f1d13f8d5aef8e35df4195d,"['https://github.com/kronotop/kronotop/commit/4118cff51395ca4ef5e934da70f5b9433f0df25b', 'https://github.com/kronotop/kronotop/commit/928d68031095121e2f1d13f8d5aef8e35df4195d']",0,0,0,148,3.0,2.0,4.0,4.0,2.0,2.0,1.0,1.0,2,"kronotop/src/test/java/com/kronotop/core/ProcessIdGeneratorImplTest.java: [Move Method(1), Move And Rename Method(1)]"
com.kronotop.volume.BaseVolumeIntegrationTest,setupIntegrationTest,95 -> 103,0d2f3ad98b192c528ba6ea4f2d3566b5a07104dc -> c90e3bfa57d77a86466fe9714342511c386dfebe,"['https://github.com/kronotop/kronotop/commit/0d2f3ad98b192c528ba6ea4f2d3566b5a07104dc', 'https://github.com/kronotop/kronotop/commit/c90e3bfa57d77a86466fe9714342511c386dfebe', 'https://github.com/kronotop/kronotop/commit/1a02b36acf1820cbba32152b9e0dc70f83d649ba']",6,4,2,80,5.0,3.0,10.0,9.0,2.0,2.0,2.0,2.0,2,"kronotop/src/test/java/com/kronotop/volume/BaseVolumeIntegrationTest.java: [Change Attribute Access Modifier(3), Pull Up Attribute(2), Extract Superclass(1), Move Attribute(1), Move And Rename Method(1)]"
com.kronotop.cluster.handlers.InitializeClusterSubcommand,initializeRedisSection,130 -> 139,86cc818f36ceb62d4f449d413d59651546c6fcf9 -> f2341d612706e3590941d318e02d55a2862406af,"['https://github.com/kronotop/kronotop/commit/b2a4200fad09201fab03f9c11e87ee5db9ffd051', 'https://github.com/kronotop/kronotop/commit/86cc818f36ceb62d4f449d413d59651546c6fcf9', 'https://github.com/kronotop/kronotop/commit/f2341d612706e3590941d318e02d55a2862406af']",0,0,0,646,5.0,4.0,8.0,8.0,14.0,14.0,2.0,2.0,13,"kronotop/src/main/java/com/kronotop/cluster/handlers/InitializeClusterSubcommand.java: [Extract Method(31), Rename Variable(4), Change Parameter Type(4)]"
com.kronotop.core.journal.Journal$JournalMetadataLoader,load,22 -> 23,4118cff51395ca4ef5e934da70f5b9433f0df25b -> f0376680f5b066951cb02fe1c198f60032a0be3a,"['https://github.com/kronotop/kronotop/commit/4118cff51395ca4ef5e934da70f5b9433f0df25b', 'https://github.com/kronotop/kronotop/commit/f0376680f5b066951cb02fe1c198f60032a0be3a']",0,0,0,49,5.0,4.0,9.0,8.0,10.0,11.0,1.0,1.0,10,"kronotop/src/main/java/com/kronotop/core/journal/Journal.java: [Move Class(2), Move Method(1)] kronotop/src/main/java/com/kronotop/core/journal/JournalMetadata.java: [Move Class(1)] kronotop/src/main/java/com/kronotop/core/journal/JournalName.java: [Move Class(1)]"
com.kronotop.sql.backend.metadata.SqlMetadataService,openTableSubspace,79 -> 81,d7aa5aa528c76ac9a5a9c03b44d5f8531217d0b4 -> 70fc09bc29a7d8ec8a44630f3f21d925ec12679f,"['https://github.com/kronotop/kronotop/commit/d7aa5aa528c76ac9a5a9c03b44d5f8531217d0b4', 'https://github.com/kronotop/kronotop/commit/70fc09bc29a7d8ec8a44630f3f21d925ec12679f']",72,17,55,27,3.0,3.0,8.0,4.0,7.0,5.0,1.0,1.0,7,"kronotop/src/main/java/com/kronotop/sql/backend/metadata/SqlMetadataService.java: [Extract Method(30), Rename Variable(8), Change Method Access Modifier(2)] kronotop/src/test/java/com/kronotop/sql/backend/metadata/SqlMetadataServiceIntegrationTest.java: [Rename Variable(100), Rename Method(22)]"
com.kronotop.bucket.handlers.BucketInsertHandler$PostCommitHook,run,166 -> 168,a2dd6a541ced01a1223c8f845b206771fcec2eb8 -> fda8b3ca283da790fee22b8a9f4e2ae53ac9eb15,"['https://github.com/kronotop/kronotop/commit/059d4b531b2c9fa71cf30a558c9862244c07e2fd', 'https://github.com/kronotop/kronotop/commit/a2dd6a541ced01a1223c8f845b206771fcec2eb8', 'https://github.com/kronotop/kronotop/commit/fda8b3ca283da790fee22b8a9f4e2ae53ac9eb15']",6,0,6,26,1.0,1.0,4.0,3.0,1.0,1.0,1.0,1.0,3,"kronotop/src/main/java/com/kronotop/bucket/handlers/BucketInsertHandler.java: [Extract Variable(5), Extract Class(5), Rename Variable(4), Move Method(2)]"
com.kronotop.core.cluster.coordinator.CoordinatorService$CoordinatorEventsJournalWatcher,run,22 -> 67,4118cff51395ca4ef5e934da70f5b9433f0df25b -> 63973609f41895499756e4c5ddbf70e1625d05f2,"['https://github.com/kronotop/kronotop/commit/866d359e78d55c68b83e8f463fe03a051ae83959', 'https://github.com/kronotop/kronotop/commit/4118cff51395ca4ef5e934da70f5b9433f0df25b', 'https://github.com/kronotop/kronotop/commit/63973609f41895499756e4c5ddbf70e1625d05f2']",0,0,0,6,5.0,6.0,29.0,28.0,16.0,15.0,5.0,5.0,16,"kronotop/src/main/java/com/kronotop/core/cluster/coordinator/CoordinatorService.java: [Extract Method(16), Merge Variable(5), Extract Variable(5), Change Parameter Type(4), Move Attribute(1)]"
com.kronotop.BaseMetadataStoreTest,setup,94 -> 95,00ffc5be77f706507d41aa41cc1c3cbfac4407b9 -> 0d2f3ad98b192c528ba6ea4f2d3566b5a07104dc,"['https://github.com/kronotop/kronotop/commit/00ffc5be77f706507d41aa41cc1c3cbfac4407b9', 'https://github.com/kronotop/kronotop/commit/0d2f3ad98b192c528ba6ea4f2d3566b5a07104dc', 'https://github.com/kronotop/kronotop/commit/2c9b6304561bc015c85d2d48e282e43914755521', 'https://github.com/kronotop/kronotop/commit/2f30580cd6f68119a334eb1bd046e5866bd6d766', 'https://github.com/kronotop/kronotop/commit/f2341d612706e3590941d318e02d55a2862406af']",14,10,4,89,4.0,4.0,7.0,6.0,5.0,3.0,1.0,1.0,5,"kronotop/src/test/java/com/kronotop/BaseMetadataStoreTest.java: [Add Thrown Exception Type(2), Rename Class(1), Extract Superclass(1)]"
com.kronotop.instance.KronotopInstance,registerKronotopServices,97 -> 103,2f30580cd6f68119a334eb1bd046e5866bd6d766 -> c90e3bfa57d77a86466fe9714342511c386dfebe,"['https://github.com/kronotop/kronotop/commit/f0376680f5b066951cb02fe1c198f60032a0be3a', 'https://github.com/kronotop/kronotop/commit/eb652d4fc806c2fadc196492e54abe0cda6ec87f', 'https://github.com/kronotop/kronotop/commit/296b10c99e5dde921bd2a047979885833ae11c09', 'https://github.com/kronotop/kronotop/commit/8371bbfcd63f6a56630494c949b268b9c39a2059', 'https://github.com/kronotop/kronotop/commit/f1596416469c69a58b61d5ac8a4f2f01fbb8526e', 'https://github.com/kronotop/kronotop/commit/6111512e718a3abfaab24749cb974a0bd8ecf68a', 'https://github.com/kronotop/kronotop/commit/00ffc5be77f706507d41aa41cc1c3cbfac4407b9', 'https://github.com/kronotop/kronotop/commit/2c9b6304561bc015c85d2d48e282e43914755521', 'https://github.com/kronotop/kronotop/commit/2f30580cd6f68119a334eb1bd046e5866bd6d766', 'https://github.com/kronotop/kronotop/commit/c90e3bfa57d77a86466fe9714342511c386dfebe', 'https://github.com/kronotop/kronotop/commit/b2a4200fad09201fab03f9c11e87ee5db9ffd051', 'https://github.com/kronotop/kronotop/commit/08d741ec79cd5537581a97dfa551814c18bfa4e6', 'https://github.com/kronotop/kronotop/commit/1a02b36acf1820cbba32152b9e0dc70f83d649ba', 'https://github.com/kronotop/kronotop/commit/b778f24977d3cd0b0abcce2a751870258c0467e2', 'https://github.com/kronotop/kronotop/commit/fda8b3ca283da790fee22b8a9f4e2ae53ac9eb15', 'https://github.com/kronotop/kronotop/commit/f86dd75aa9902886ec1062950deb000571a6c5b1', 'https://github.com/kronotop/kronotop/commit/d7d6f0776a8ce0370589c3d1e9c02a7839a5f6af']",82,62,20,80,6.0,6.0,15.0,16.0,4.0,3.0,1.0,1.0,5,kronotop/src/main/java/com/kronotop/instance/KronotopInstance.java: [Extract Method(8)]
com.kronotop.instance.KronotopInstance,KronotopInstance,23 -> 139,f0376680f5b066951cb02fe1c198f60032a0be3a -> f2341d612706e3590941d318e02d55a2862406af,"['https://github.com/kronotop/kronotop/commit/f0376680f5b066951cb02fe1c198f60032a0be3a', 'https://github.com/kronotop/kronotop/commit/f2341d612706e3590941d318e02d55a2862406af']",0,0,0,646,2.0,1.0,4.0,4.0,1.0,1.0,1.0,1.0,1,"kronotop/src/main/java/com/kronotop/instance/KronotopInstanceImpl.java: [Pull Up Method(3), Remove Method Annotation(2), Move And Rename Class(1), Add Method Modifier(1), Collapse Hierarchy(1), Remove Method Modifier(1), Pull Up Attribute(1), Move Method(1)] kronotop/src/main/java/com/kronotop/instance/KronotopInstanceStatus.java: [Move And Rename Class(1)] kronotop/src/main/java/com/kronotop/instance/KronotopInstance.java: [Remove Thrown Exception Type(3), Add Method Modifier(3), Pull Up Method(3), Change Type Declaration Kind(2), Collapse Hierarchy(1), Remove Method Modifier(1), Remove Method Annotation(1), Pull Up Attribute(1)] kronotop/src/main/java/com/kronotop/instance/KronotopInstanceStarter.java: [Move Method(1)]"
com.kronotop.cluster.ShardUtils,setShardStatus,111 -> 130,1a02b36acf1820cbba32152b9e0dc70f83d649ba -> 86cc818f36ceb62d4f449d413d59651546c6fcf9,"['https://github.com/kronotop/kronotop/commit/1a02b36acf1820cbba32152b9e0dc70f83d649ba', 'https://github.com/kronotop/kronotop/commit/86cc818f36ceb62d4f449d413d59651546c6fcf9']",47,46,1,57,6.0,6.0,5.0,4.0,7.0,3.0,1.0,1.0,7,"kronotop/src/main/java/com/kronotop/cluster/ShardUtils.java: [Add Parameter(6), Remove Parameter(1), Change Method Access Modifier(1), Add Method Modifier(1), Move Method(1)]"
com.kronotop.instance.KronotopInstance,prepareOnDiskDataDirectoryLayout,103 -> 128,c90e3bfa57d77a86466fe9714342511c386dfebe -> b88cd9048320537c135b52267e84db3cceed5909,"['https://github.com/kronotop/kronotop/commit/c90e3bfa57d77a86466fe9714342511c386dfebe', 'https://github.com/kronotop/kronotop/commit/b88cd9048320537c135b52267e84db3cceed5909']",0,0,0,39,1.0,2.0,26.0,26.0,9.0,8.0,5.0,5.0,9,"kronotop/src/main/java/com/kronotop/instance/KronotopInstance.java: [Rename Variable(12), Extract Method(11), Remove Thrown Exception Type(3), Add Parameter(3)] kronotop/src/main/java/com/kronotop/instance/KronotopInstanceWithRESP.java: [Change Return Type(4), Add Parameter(3), Remove Thrown Exception Type(3), Rename Method(2)]"
com.kronotop.foundationdb.namespace.Namespace,getZMap,77 -> 105,fb7a317ff731eb3cbde3aebb0f06fc6fb84ebec8 -> 6e4a5af7e55a58de05243eaf5dfdde69f46ce3a0,"['https://github.com/kronotop/kronotop/commit/fb7a317ff731eb3cbde3aebb0f06fc6fb84ebec8', 'https://github.com/kronotop/kronotop/commit/6e4a5af7e55a58de05243eaf5dfdde69f46ce3a0']",43,17,26,112,2.0,1.0,4.0,3.0,1.0,0.0,1.0,1.0,1,"kronotop/src/main/java/com/kronotop/foundationdb/namespace/NamespaceHandler.java: [Move Class(1), Change Method Access Modifier(1)] kronotop/src/main/java/com/kronotop/foundationdb/namespace/NamespaceAlreadyExistsException.java: [Rename Parameter(2), Move And Rename Class(1)] kronotop/src/main/java/com/kronotop/foundationdb/namespace/NamespaceExistsSubcommand.java: [Add Parameter(4), Inline Variable(2), Move Method(1)] kronotop/src/main/java/com/kronotop/foundationdb/namespace/NamespaceListSubcommand.java: [Add Parameter(4), Move Method(1)] kronotop/src/main/java/com/kronotop/foundationdb/namespace/NamespaceRemoveSubcommand.java: [Add Parameter(4), Move Method(1)] kronotop/src/test/java/com/kronotop/foundationdb/namespace/NamespaceHandlerTest.java: [Move And Rename Method(13), Change Variable Type(2)]"
com.kronotop.redis.storage.syncer.VolumeSyncSession,synchronousReplication,116 -> 117,f122e03cf5c46deffa710e7553a98596b441cb4f -> f4f67a9d4740ddde37a94ac29c66af0d56ac648f,"['https://github.com/kronotop/kronotop/commit/f122e03cf5c46deffa710e7553a98596b441cb4f', 'https://github.com/kronotop/kronotop/commit/f4f67a9d4740ddde37a94ac29c66af0d56ac648f', 'https://github.com/kronotop/kronotop/commit/2a2c3e5e360ed8d9c813c2385213e6a058af610c']",11,7,4,2,8.0,8.0,17.0,16.0,9.0,8.0,5.0,5.0,9,kronotop/src/main/java/com/kronotop/redis/storage/syncer/VolumeSyncSession.java: [Extract Method(32)]
com.kronotop.core.cluster.MembershipService,registerMember,17 -> 22,866d359e78d55c68b83e8f463fe03a051ae83959 -> 4118cff51395ca4ef5e934da70f5b9433f0df25b,"['https://github.com/kronotop/kronotop/commit/866d359e78d55c68b83e8f463fe03a051ae83959', 'https://github.com/kronotop/kronotop/commit/4118cff51395ca4ef5e934da70f5b9433f0df25b', 'https://github.com/kronotop/kronotop/commit/f0376680f5b066951cb02fe1c198f60032a0be3a']",120,101,19,79,21.0,20.0,32.0,32.0,28.0,29.0,4.0,4.0,28,"kronotop/src/main/java/com/kronotop/core/cluster/MembershipService.java: [Rename Variable(6), Change Variable Type(4), Rename Attribute(3), Rename Method(2), Change Attribute Type(2), Move And Rename Class(1), Rename Class(1), Remove Thrown Exception Type(1), Extract Class(1)] kronotop/src/test/java/com/kronotop/core/cluster/MembershipServiceTest.java: [Change Variable Type(10), Rename Variable(6), Move Method(1)]"
com.kronotop.core.cluster.MembershipService,processMemberEvent,17 -> 77,866d359e78d55c68b83e8f463fe03a051ae83959 -> fb7a317ff731eb3cbde3aebb0f06fc6fb84ebec8,"['https://github.com/kronotop/kronotop/commit/866d359e78d55c68b83e8f463fe03a051ae83959', 'https://github.com/kronotop/kronotop/commit/fb7a317ff731eb3cbde3aebb0f06fc6fb84ebec8']",62,33,29,161,12.0,12.0,38.0,31.0,22.0,22.0,6.0,5.0,22,"kronotop/src/main/java/com/kronotop/core/cluster/MembershipService.java: [Rename Variable(6), Change Variable Type(4), Rename Attribute(3), Rename Method(2), Change Attribute Type(2), Move And Rename Class(1), Rename Class(1), Remove Thrown Exception Type(1), Extract Class(1)] kronotop/src/test/java/com/kronotop/core/cluster/MembershipServiceTest.java: [Change Variable Type(10), Rename Variable(6), Move Method(1)]"
com.kronotop.redis.RedisService,clearShards,109 -> 110,08d741ec79cd5537581a97dfa551814c18bfa4e6 -> edffbe12caaf2395ecb36488427b75b70692ccc1,"['https://github.com/kronotop/kronotop/commit/2c9b6304561bc015c85d2d48e282e43914755521', 'https://github.com/kronotop/kronotop/commit/2f30580cd6f68119a334eb1bd046e5866bd6d766', 'https://github.com/kronotop/kronotop/commit/c90e3bfa57d77a86466fe9714342511c386dfebe', 'https://github.com/kronotop/kronotop/commit/08d741ec79cd5537581a97dfa551814c18bfa4e6', 'https://github.com/kronotop/kronotop/commit/edffbe12caaf2395ecb36488427b75b70692ccc1', 'https://github.com/kronotop/kronotop/commit/1a02b36acf1820cbba32152b9e0dc70f83d649ba']",0,0,0,14,2.0,2.0,30.0,28.0,17.0,16.0,1.0,1.0,19,"kronotop/src/main/java/com/kronotop/redis/RedisService.java: [Extract Method(18), Change Variable Type(8), Inline Variable(7), Extract Class(7), Rename Variable(4), Remove Method Annotation(4), Rename Attribute(2), Change Attribute Type(2), Move Method(2), Move Attribute(1)]"
com.kronotop.cluster.handlers.SetShardStatusSubcommand,execute,111 -> 139,1a02b36acf1820cbba32152b9e0dc70f83d649ba -> f2341d612706e3590941d318e02d55a2862406af,"['https://github.com/kronotop/kronotop/commit/08d741ec79cd5537581a97dfa551814c18bfa4e6', 'https://github.com/kronotop/kronotop/commit/1a02b36acf1820cbba32152b9e0dc70f83d649ba', 'https://github.com/kronotop/kronotop/commit/f2341d612706e3590941d318e02d55a2862406af']",0,0,0,646,7.0,6.0,17.0,17.0,10.0,10.0,3.0,3.0,9,"kronotop/src/main/java/com/kronotop/cluster/handlers/SetShardStatusSubcommand.java: [Add Parameter(3), Remove Parameter(2), Change Method Access Modifier(1), Add Method Modifier(1), Move Method(1)]"
com.kronotop.redis.storage.syncer.VolumeSyncSession,sync,116 -> 170,f122e03cf5c46deffa710e7553a98596b441cb4f -> d7d6f0776a8ce0370589c3d1e9c02a7839a5f6af,"['https://github.com/kronotop/kronotop/commit/2af19b6146aeb74c71695f0c7eda522d6260bddc', 'https://github.com/kronotop/kronotop/commit/c90e3bfa57d77a86466fe9714342511c386dfebe', 'https://github.com/kronotop/kronotop/commit/6e4a5af7e55a58de05243eaf5dfdde69f46ce3a0', 'https://github.com/kronotop/kronotop/commit/b2a4200fad09201fab03f9c11e87ee5db9ffd051', 'https://github.com/kronotop/kronotop/commit/2b8b62d5d0c96b4cd0f97bf29470753b43b0442f', 'https://github.com/kronotop/kronotop/commit/e959b5f41fd19fd6a57958ff6bda5deb4b11fd17', 'https://github.com/kronotop/kronotop/commit/f122e03cf5c46deffa710e7553a98596b441cb4f', 'https://github.com/kronotop/kronotop/commit/d7d6f0776a8ce0370589c3d1e9c02a7839a5f6af']",0,0,0,107,7.0,6.0,21.0,27.0,19.0,15.0,4.0,7.0,16,kronotop/src/main/java/com/kronotop/redis/storage/syncer/VolumeSyncSession.java: [Extract Method(32)]
com.kronotop.redis.storage.impl.Storage,remove,96 -> 110,2c9b6304561bc015c85d2d48e282e43914755521 -> edffbe12caaf2395ecb36488427b75b70692ccc1,"['https://github.com/kronotop/kronotop/commit/2c9b6304561bc015c85d2d48e282e43914755521', 'https://github.com/kronotop/kronotop/commit/edffbe12caaf2395ecb36488427b75b70692ccc1']",0,0,0,14,4.0,2.0,6.0,4.0,3.0,2.0,2.0,1.0,3,"kronotop/src/main/java/com/kronotop/redis/storage/impl/Storage.java: [Extract Class(6), Move Method(5)]"
com.kronotop.cluster.MembershipService,processMemberLeftEvent,108 -> 109,b2a4200fad09201fab03f9c11e87ee5db9ffd051 -> 08d741ec79cd5537581a97dfa551814c18bfa4e6,"['https://github.com/kronotop/kronotop/commit/c90e3bfa57d77a86466fe9714342511c386dfebe', 'https://github.com/kronotop/kronotop/commit/b2a4200fad09201fab03f9c11e87ee5db9ffd051', 'https://github.com/kronotop/kronotop/commit/08d741ec79cd5537581a97dfa551814c18bfa4e6', 'https://github.com/kronotop/kronotop/commit/2b8b62d5d0c96b4cd0f97bf29470753b43b0442f', 'https://github.com/kronotop/kronotop/commit/86cc818f36ceb62d4f449d413d59651546c6fcf9', 'https://github.com/kronotop/kronotop/commit/7b444e2c850fb42183297990bb989b7546adbc5d']",28,4,24,100,6.0,5.0,7.0,7.0,7.0,7.0,1.0,1.0,7,"kronotop/src/main/java/com/kronotop/cluster/MembershipService.java: [Change Return Type(16), Extract Method(9), Remove Thrown Exception Type(9), Move And Inline Method(9), Change Variable Type(8), Parameterize Variable(6), Rename Variable(6), Change Method Access Modifier(4), Add Parameter Annotation(4), Extract Variable(3), Rename Attribute(2), Remove Parameter(2), Move And Rename Method(2), Move Attribute(1), Add Method Modifier(1), Add Parameter(1)]"
com.kronotop.volume.Volume,vacuumSegment,105 -> 108,6e4a5af7e55a58de05243eaf5dfdde69f46ce3a0 -> b2a4200fad09201fab03f9c11e87ee5db9ffd051,"['https://github.com/kronotop/kronotop/commit/0d2f3ad98b192c528ba6ea4f2d3566b5a07104dc', 'https://github.com/kronotop/kronotop/commit/2c9b6304561bc015c85d2d48e282e43914755521', 'https://github.com/kronotop/kronotop/commit/2f30580cd6f68119a334eb1bd046e5866bd6d766', 'https://github.com/kronotop/kronotop/commit/c90e3bfa57d77a86466fe9714342511c386dfebe', 'https://github.com/kronotop/kronotop/commit/6e4a5af7e55a58de05243eaf5dfdde69f46ce3a0', 'https://github.com/kronotop/kronotop/commit/b2a4200fad09201fab03f9c11e87ee5db9ffd051']",14,7,7,480,12.0,13.0,61.0,61.0,38.0,36.0,13.0,13.0,35,"kronotop/src/main/java/com/kronotop/volume/Volume.java: [Inline Method(32), Change Variable Type(20), Add Parameter(15), Rename Variable(14), Extract Variable(11), Change Method Access Modifier(9), Rename Parameter(8), Move Method(6), Inline Variable(6), Extract Class(5), Change Attribute Type(4), Add Method Annotation(3), Remove Parameter(2), Move And Rename Method(2), Change Return Type(2)] kronotop/src/main/java/com/kronotop/volume/VolumeIterable.java: [Add Parameter(3)] kronotop/src/main/java/com/kronotop/volume/VolumeSubspace.java: [Move Method(5), Change Method Access Modifier(5), Extract Class(4), Inline Variable(4), Rename Parameter(4), Add Parameter(4), Rename Variable(2)]"
com.kronotop.cluster.MembershipService$ClusterEventsJournalWatcher,run,108 -> 109,b2a4200fad09201fab03f9c11e87ee5db9ffd051 -> 08d741ec79cd5537581a97dfa551814c18bfa4e6,"['https://github.com/kronotop/kronotop/commit/1f3bce618683711f47478136f32d57a0782f7047', 'https://github.com/kronotop/kronotop/commit/2c9b6304561bc015c85d2d48e282e43914755521', 'https://github.com/kronotop/kronotop/commit/2f30580cd6f68119a334eb1bd046e5866bd6d766', 'https://github.com/kronotop/kronotop/commit/c90e3bfa57d77a86466fe9714342511c386dfebe', 'https://github.com/kronotop/kronotop/commit/b2a4200fad09201fab03f9c11e87ee5db9ffd051', 'https://github.com/kronotop/kronotop/commit/08d741ec79cd5537581a97dfa551814c18bfa4e6', 'https://github.com/kronotop/kronotop/commit/d7d6f0776a8ce0370589c3d1e9c02a7839a5f6af']",6,3,3,100,2.0,1.0,26.0,26.0,14.0,13.0,5.0,5.0,14,"kronotop/src/main/java/com/kronotop/cluster/MembershipService.java: [Change Return Type(16), Extract Method(9), Remove Thrown Exception Type(9), Move And Inline Method(9), Change Variable Type(8), Parameterize Variable(6), Rename Variable(6), Change Method Access Modifier(4), Add Parameter Annotation(4), Extract Variable(3), Rename Attribute(2), Remove Parameter(2), Move And Rename Method(2), Move Attribute(1), Add Method Modifier(1), Add Parameter(1)]"
com.kronotop.cluster.MembershipService,fetchClusterEvents,109 -> 170,08d741ec79cd5537581a97dfa551814c18bfa4e6 -> d7d6f0776a8ce0370589c3d1e9c02a7839a5f6af,"['https://github.com/kronotop/kronotop/commit/1f3bce618683711f47478136f32d57a0782f7047', 'https://github.com/kronotop/kronotop/commit/2c9b6304561bc015c85d2d48e282e43914755521', 'https://github.com/kronotop/kronotop/commit/2f30580cd6f68119a334eb1bd046e5866bd6d766', 'https://github.com/kronotop/kronotop/commit/c90e3bfa57d77a86466fe9714342511c386dfebe', 'https://github.com/kronotop/kronotop/commit/b2a4200fad09201fab03f9c11e87ee5db9ffd051', 'https://github.com/kronotop/kronotop/commit/08d741ec79cd5537581a97dfa551814c18bfa4e6', 'https://github.com/kronotop/kronotop/commit/d7d6f0776a8ce0370589c3d1e9c02a7839a5f6af', 'https://github.com/kronotop/kronotop/commit/f9a2de5cd1e07a8e5765c2aec7aab19e78a4ca33']",0,0,0,107,1.0,1.0,19.0,16.0,10.0,6.0,4.0,4.0,16,"kronotop/src/main/java/com/kronotop/cluster/MembershipService.java: [Extract Class(4), Move Method(4), Remove Method Annotation(4), Split Conditional(2), Move Attribute(2), Move Class(1)]"
com.kronotop.core.cluster.MembershipService,getMembers,17 -> 23,866d359e78d55c68b83e8f463fe03a051ae83959 -> f0376680f5b066951cb02fe1c198f60032a0be3a,"['https://github.com/kronotop/kronotop/commit/866d359e78d55c68b83e8f463fe03a051ae83959', 'https://github.com/kronotop/kronotop/commit/f0376680f5b066951cb02fe1c198f60032a0be3a', 'https://github.com/kronotop/kronotop/commit/928d68031095121e2f1d13f8d5aef8e35df4195d']",0,0,0,49,5.0,5.0,12.0,12.0,13.0,9.0,3.0,3.0,13,"kronotop/src/main/java/com/kronotop/core/cluster/MembershipService.java: [Rename Variable(6), Change Variable Type(4), Rename Attribute(3), Rename Method(2), Change Attribute Type(2), Move And Rename Class(1), Rename Class(1), Remove Thrown Exception Type(1), Extract Class(1)] kronotop/src/test/java/com/kronotop/core/cluster/MembershipServiceTest.java: [Change Variable Type(10), Rename Variable(6), Move Method(1)]"
com.kronotop.volume.Volume,openSegment,104 -> 105,5f4e5e4c2f95089b50bef05ae4bdebe65f1e9865 -> 6e4a5af7e55a58de05243eaf5dfdde69f46ce3a0,"['https://github.com/kronotop/kronotop/commit/0d2f3ad98b192c528ba6ea4f2d3566b5a07104dc', 'https://github.com/kronotop/kronotop/commit/5f4e5e4c2f95089b50bef05ae4bdebe65f1e9865', 'https://github.com/kronotop/kronotop/commit/6e4a5af7e55a58de05243eaf5dfdde69f46ce3a0']",315,145,170,112,3.0,5.0,9.0,8.0,8.0,5.0,1.0,1.0,9,"kronotop/src/main/java/com/kronotop/volume/Volume.java: [Extract Method(44), Rename Variable(12), Rename Method(8), Inline Variable(7), Add Parameter(6), Extract Class(5), Change Variable Type(4), Change Return Type(4), Move Attribute(4), Add Thrown Exception Type(3), Rename Attribute(2), Change Attribute Access Modifier(2), Add Attribute Annotation(1)] kronotop/src/main/java/com/kronotop/volume/VolumeMetadata.java: [Change Return Type(4), Change Attribute Type(2), Add Attribute Annotation(2), Remove Attribute Annotation(2), Move Attribute(2)] kronotop/src/test/java/com/kronotop/volume/VolumeTest.java: [Rename Variable(8), Inline Variable(5), Extract Variable(5), Extract Class(5), Change Attribute Access Modifier(5), Change Variable Type(4), Move Attribute(3), Rename Method(2), Extract Superclass(2), Pull Up Attribute(2), Move And Rename Method(1)]"
com.kronotop.volume.VolumeTest,test_vacuumSegment,136 -> 170,37a600d21debadb0ee20e1632392c4d7c71feeec -> d7d6f0776a8ce0370589c3d1e9c02a7839a5f6af,"['https://github.com/kronotop/kronotop/commit/0d2f3ad98b192c528ba6ea4f2d3566b5a07104dc', 'https://github.com/kronotop/kronotop/commit/2c9b6304561bc015c85d2d48e282e43914755521', 'https://github.com/kronotop/kronotop/commit/2f30580cd6f68119a334eb1bd046e5866bd6d766', 'https://github.com/kronotop/kronotop/commit/c90e3bfa57d77a86466fe9714342511c386dfebe', 'https://github.com/kronotop/kronotop/commit/6e4a5af7e55a58de05243eaf5dfdde69f46ce3a0', 'https://github.com/kronotop/kronotop/commit/b2a4200fad09201fab03f9c11e87ee5db9ffd051', 'https://github.com/kronotop/kronotop/commit/37a600d21debadb0ee20e1632392c4d7c71feeec', 'https://github.com/kronotop/kronotop/commit/d7d6f0776a8ce0370589c3d1e9c02a7839a5f6af']",160,100,60,107,7.0,7.0,28.0,27.0,15.0,14.0,3.0,3.0,17,"kronotop/src/test/java/com/kronotop/volume/VolumeTest.java: [Merge Variable(5), Extract And Move Method(5), Change Method Access Modifier(1), Move Method(1)]"
com.kronotop.core.cluster.MembershipService,shutdown,66 -> 67,19e48f7333a0c2909b303d493ae15b31bdd166c1 -> 63973609f41895499756e4c5ddbf70e1625d05f2,"['https://github.com/kronotop/kronotop/commit/866d359e78d55c68b83e8f463fe03a051ae83959', 'https://github.com/kronotop/kronotop/commit/19e48f7333a0c2909b303d493ae15b31bdd166c1', 'https://github.com/kronotop/kronotop/commit/63973609f41895499756e4c5ddbf70e1625d05f2']",12,3,9,6,2.0,6.0,22.0,16.0,8.0,11.0,5.0,4.0,8,kronotop/src/main/java/com/kronotop/core/cluster/MembershipService.java: [Extract Method(24)]
com.kronotop.cluster.Member,Member,103 -> 128,c90e3bfa57d77a86466fe9714342511c386dfebe -> b88cd9048320537c135b52267e84db3cceed5909,"['https://github.com/kronotop/kronotop/commit/c90e3bfa57d77a86466fe9714342511c386dfebe', 'https://github.com/kronotop/kronotop/commit/b88cd9048320537c135b52267e84db3cceed5909']",4,2,2,39,3.0,3.0,10.0,10.0,5.0,4.0,3.0,2.0,5,"kronotop/src/main/java/com/kronotop/cluster/Member.java: [Remove Variable Modifier(4), Encapsulate Attribute(3), Rename Method(2), Rename Attribute(2)] kronotop/src/main/java/com/kronotop/cluster/MemberEvent.java: [Add Method Annotation(9), Extract Class(9), Rename Method(4), Change Parameter Type(4), Move Attribute(3), Change Class Access Modifier(2), Extract Superclass(2), Move Method(2), Rename Parameter(2), Move And Rename Method(2), Push Down Method(1)] kronotop/src/main/java/com/kronotop/cluster/MemberJoinEvent.java: [Remove Parameter(6), Change Method Access Modifier(4), Rename Parameter(4), Add Parameter(3)] kronotop/src/main/java/com/kronotop/cluster/MemberLeftEvent.java: [Remove Parameter(6), Change Method Access Modifier(4), Rename Parameter(4), Add Parameter(3)] kronotop/src/main/java/com/kronotop/cluster/MembershipService.java: [Rename Variable(16), Rename Parameter(8), Change Parameter Type(8), Inline Variable(7), Rename Method(6), Extract Variable(5), Change Variable Type(4), Rename Attribute(2)] kronotop/src/main/java/com/kronotop/cluster/MemberEventLegacy.java: [Extract Class(8), Change Parameter Type(4), Move Attribute(3), Move Method(2), Move And Rename Method(2)]"
com.kronotop.volume.Volume,analyze,95 -> 96,0d2f3ad98b192c528ba6ea4f2d3566b5a07104dc -> 2c9b6304561bc015c85d2d48e282e43914755521,"['https://github.com/kronotop/kronotop/commit/0d2f3ad98b192c528ba6ea4f2d3566b5a07104dc', 'https://github.com/kronotop/kronotop/commit/2c9b6304561bc015c85d2d48e282e43914755521', 'https://github.com/kronotop/kronotop/commit/2f30580cd6f68119a334eb1bd046e5866bd6d766', 'https://github.com/kronotop/kronotop/commit/6e4a5af7e55a58de05243eaf5dfdde69f46ce3a0', 'https://github.com/kronotop/kronotop/commit/b2a4200fad09201fab03f9c11e87ee5db9ffd051']",6,4,2,101,3.0,2.0,5.0,5.0,3.0,3.0,1.0,1.0,3,"kronotop/src/main/java/com/kronotop/volume/Volume.java: [Extract Method(44), Rename Variable(12), Rename Method(8), Inline Variable(7), Add Parameter(6), Extract Class(5), Change Variable Type(4), Change Return Type(4), Move Attribute(4), Add Thrown Exception Type(3), Rename Attribute(2), Change Attribute Access Modifier(2), Add Attribute Annotation(1)] kronotop/src/main/java/com/kronotop/volume/VolumeMetadata.java: [Change Return Type(4), Change Attribute Type(2), Add Attribute Annotation(2), Remove Attribute Annotation(2), Move Attribute(2)] kronotop/src/test/java/com/kronotop/volume/VolumeTest.java: [Rename Variable(8), Inline Variable(5), Extract Variable(5), Extract Class(5), Change Attribute Access Modifier(5), Change Variable Type(4), Move Attribute(3), Rename Method(2), Extract Superclass(2), Pull Up Attribute(2), Move And Rename Method(1)]"
com.kronotop.foundationdb.BaseHandler,BaseHandler,77 -> 96,fb7a317ff731eb3cbde3aebb0f06fc6fb84ebec8 -> 2c9b6304561bc015c85d2d48e282e43914755521,"['https://github.com/kronotop/kronotop/commit/fb7a317ff731eb3cbde3aebb0f06fc6fb84ebec8', 'https://github.com/kronotop/kronotop/commit/2c9b6304561bc015c85d2d48e282e43914755521', 'https://github.com/kronotop/kronotop/commit/2f30580cd6f68119a334eb1bd046e5866bd6d766', 'https://github.com/kronotop/kronotop/commit/c90e3bfa57d77a86466fe9714342511c386dfebe', 'https://github.com/kronotop/kronotop/commit/08d741ec79cd5537581a97dfa551814c18bfa4e6', 'https://github.com/kronotop/kronotop/commit/f2341d612706e3590941d318e02d55a2862406af', 'https://github.com/kronotop/kronotop/commit/2c6ba52277479b09c42439cca86762ee25bcc748']",0,0,0,101,2.0,1.0,4.0,4.0,2.0,2.0,1.0,1.0,2,"kronotop/src/main/java/com/kronotop/foundationdb/BaseHandler.java: [Change Parameter Type(8), Inline Variable(6), Change Attribute Access Modifier(4), Rename Parameter(4), Add Method Modifier(3), Move Method(3), Change Attribute Type(2), Rename Variable(2), Add Parameter(2), Remove Parameter(2)]"
com.kronotop.instance.KronotopInstance,registerKronotopServices,96 -> 97,2c9b6304561bc015c85d2d48e282e43914755521 -> 2f30580cd6f68119a334eb1bd046e5866bd6d766,"['https://github.com/kronotop/kronotop/commit/f0376680f5b066951cb02fe1c198f60032a0be3a', 'https://github.com/kronotop/kronotop/commit/eb652d4fc806c2fadc196492e54abe0cda6ec87f', 'https://github.com/kronotop/kronotop/commit/296b10c99e5dde921bd2a047979885833ae11c09', 'https://github.com/kronotop/kronotop/commit/8371bbfcd63f6a56630494c949b268b9c39a2059', 'https://github.com/kronotop/kronotop/commit/f1596416469c69a58b61d5ac8a4f2f01fbb8526e', 'https://github.com/kronotop/kronotop/commit/6111512e718a3abfaab24749cb974a0bd8ecf68a', 'https://github.com/kronotop/kronotop/commit/00ffc5be77f706507d41aa41cc1c3cbfac4407b9', 'https://github.com/kronotop/kronotop/commit/2c9b6304561bc015c85d2d48e282e43914755521', 'https://github.com/kronotop/kronotop/commit/2f30580cd6f68119a334eb1bd046e5866bd6d766', 'https://github.com/kronotop/kronotop/commit/c90e3bfa57d77a86466fe9714342511c386dfebe', 'https://github.com/kronotop/kronotop/commit/b2a4200fad09201fab03f9c11e87ee5db9ffd051', 'https://github.com/kronotop/kronotop/commit/08d741ec79cd5537581a97dfa551814c18bfa4e6', 'https://github.com/kronotop/kronotop/commit/1a02b36acf1820cbba32152b9e0dc70f83d649ba', 'https://github.com/kronotop/kronotop/commit/b778f24977d3cd0b0abcce2a751870258c0467e2', 'https://github.com/kronotop/kronotop/commit/fda8b3ca283da790fee22b8a9f4e2ae53ac9eb15', 'https://github.com/kronotop/kronotop/commit/f86dd75aa9902886ec1062950deb000571a6c5b1', 'https://github.com/kronotop/kronotop/commit/d7d6f0776a8ce0370589c3d1e9c02a7839a5f6af']",8,1,7,120,7.0,6.0,20.0,15.0,5.0,4.0,1.0,1.0,5,kronotop/src/main/java/com/kronotop/instance/KronotopInstance.java: [Extract Method(8)]
com.kronotop.foundationdb.namespace.Namespace,Namespace,165 -> 170,8c62d3d41b81e4689ff81be2eef4bd99cacfcea1 -> d7d6f0776a8ce0370589c3d1e9c02a7839a5f6af,"['https://github.com/kronotop/kronotop/commit/fb7a317ff731eb3cbde3aebb0f06fc6fb84ebec8', 'https://github.com/kronotop/kronotop/commit/6111512e718a3abfaab24749cb974a0bd8ecf68a', 'https://github.com/kronotop/kronotop/commit/6e4a5af7e55a58de05243eaf5dfdde69f46ce3a0', 'https://github.com/kronotop/kronotop/commit/8c62d3d41b81e4689ff81be2eef4bd99cacfcea1', 'https://github.com/kronotop/kronotop/commit/d7d6f0776a8ce0370589c3d1e9c02a7839a5f6af']",130,7,123,107,3.0,3.0,7.0,5.0,2.0,3.0,1.0,1.0,3,"kronotop/src/main/java/com/kronotop/foundationdb/namespace/NamespaceHandler.java: [Move Class(1), Change Method Access Modifier(1)] kronotop/src/main/java/com/kronotop/foundationdb/namespace/NamespaceAlreadyExistsException.java: [Rename Parameter(2), Move And Rename Class(1)] kronotop/src/main/java/com/kronotop/foundationdb/namespace/NamespaceExistsSubcommand.java: [Add Parameter(4), Inline Variable(2), Move Method(1)] kronotop/src/main/java/com/kronotop/foundationdb/namespace/NamespaceListSubcommand.java: [Add Parameter(4), Move Method(1)] kronotop/src/main/java/com/kronotop/foundationdb/namespace/NamespaceRemoveSubcommand.java: [Add Parameter(4), Move Method(1)] kronotop/src/test/java/com/kronotop/foundationdb/namespace/NamespaceHandlerTest.java: [Move And Rename Method(13), Change Variable Type(2)]"
com.kronotop.sql.backend.metadata.SqlMetadataService,openTableSubspace,79 -> 81,d7aa5aa528c76ac9a5a9c03b44d5f8531217d0b4 -> 70fc09bc29a7d8ec8a44630f3f21d925ec12679f,"['https://github.com/kronotop/kronotop/commit/d7aa5aa528c76ac9a5a9c03b44d5f8531217d0b4', 'https://github.com/kronotop/kronotop/commit/70fc09bc29a7d8ec8a44630f3f21d925ec12679f']",72,17,55,27,1.0,3.0,9.0,5.0,5.0,3.0,1.0,1.0,5,"kronotop/src/main/java/com/kronotop/sql/backend/metadata/SqlMetadataService.java: [Extract Method(30), Rename Variable(8), Change Method Access Modifier(2)] kronotop/src/test/java/com/kronotop/sql/backend/metadata/SqlMetadataServiceIntegrationTest.java: [Rename Variable(100), Rename Method(22)]"
com.kronotop.cluster.RoutingService$ClusterInitializationWatcher,run,109 -> 111,08d741ec79cd5537581a97dfa551814c18bfa4e6 -> 1a02b36acf1820cbba32152b9e0dc70f83d649ba,"['https://github.com/kronotop/kronotop/commit/08d741ec79cd5537581a97dfa551814c18bfa4e6', 'https://github.com/kronotop/kronotop/commit/1a02b36acf1820cbba32152b9e0dc70f83d649ba']",2,1,1,139,3.0,4.0,37.0,37.0,16.0,15.0,7.0,7.0,16,"kronotop/src/main/java/com/kronotop/cluster/RoutingService.java: [Change Variable Type(4), Split Conditional(3), Move Attribute(3), Move Method(3), Extract Class(2), Rename Parameter(2), Move Class(1), Change Method Access Modifier(1)]"
com.kronotop.task.TaskService,tasks,136 -> 173,37a600d21debadb0ee20e1632392c4d7c71feeec -> f9a2de5cd1e07a8e5765c2aec7aab19e78a4ca33,"['https://github.com/kronotop/kronotop/commit/37a600d21debadb0ee20e1632392c4d7c71feeec', 'https://github.com/kronotop/kronotop/commit/f9a2de5cd1e07a8e5765c2aec7aab19e78a4ca33']",0,0,0,29,3.0,3.0,10.0,9.0,6.0,7.0,1.0,1.0,6,"kronotop/src/main/java/com/kronotop/task/TaskService.java: [Add Parameter Annotation(6), Change Variable Type(4), Change Parameter Type(4), Rename Variable(4), Extract Class(3), Move And Rename Class(2), Rename Parameter(2), Move Method(1)] kronotop/src/test/java/com/kronotop/task/TaskServiceTest.java: [Change Variable Type(2), Move And Rename Class(1)]"
com.kronotop.KronotopTestInstance,start,131 -> 165,3933a42bf18e452ecfb2697ff838dd90098d6e7b -> 8c62d3d41b81e4689ff81be2eef4bd99cacfcea1,"['https://github.com/kronotop/kronotop/commit/9f7c76a71454bb363864bb5c728215fe742bacd9', 'https://github.com/kronotop/kronotop/commit/7afa4760eb2176657795f4cfa123da24d1c8bfd4', 'https://github.com/kronotop/kronotop/commit/509435cab557b94d052f88b3a45c51a3acb1f3b5', 'https://github.com/kronotop/kronotop/commit/0d2f3ad98b192c528ba6ea4f2d3566b5a07104dc', 'https://github.com/kronotop/kronotop/commit/2f30580cd6f68119a334eb1bd046e5866bd6d766', 'https://github.com/kronotop/kronotop/commit/c90e3bfa57d77a86466fe9714342511c386dfebe', 'https://github.com/kronotop/kronotop/commit/b2a4200fad09201fab03f9c11e87ee5db9ffd051', 'https://github.com/kronotop/kronotop/commit/1a02b36acf1820cbba32152b9e0dc70f83d649ba', 'https://github.com/kronotop/kronotop/commit/3933a42bf18e452ecfb2697ff838dd90098d6e7b', 'https://github.com/kronotop/kronotop/commit/8c62d3d41b81e4689ff81be2eef4bd99cacfcea1']",0,0,0,21,2.0,2.0,13.0,13.0,10.0,8.0,3.0,3.0,4,"kronotop/src/test/java/com/kronotop/KronotopTestInstance.java: [Extract Method(10), Change Variable Type(4)]"
com.kronotop.volume.Volume,vacuumSegment,95 -> 96,0d2f3ad98b192c528ba6ea4f2d3566b5a07104dc -> 2c9b6304561bc015c85d2d48e282e43914755521,"['https://github.com/kronotop/kronotop/commit/0d2f3ad98b192c528ba6ea4f2d3566b5a07104dc', 'https://github.com/kronotop/kronotop/commit/2c9b6304561bc015c85d2d48e282e43914755521', 'https://github.com/kronotop/kronotop/commit/2f30580cd6f68119a334eb1bd046e5866bd6d766', 'https://github.com/kronotop/kronotop/commit/c90e3bfa57d77a86466fe9714342511c386dfebe', 'https://github.com/kronotop/kronotop/commit/6e4a5af7e55a58de05243eaf5dfdde69f46ce3a0', 'https://github.com/kronotop/kronotop/commit/b2a4200fad09201fab03f9c11e87ee5db9ffd051']",6,4,2,101,11.0,10.0,51.0,51.0,35.0,35.0,11.0,11.0,35,"kronotop/src/main/java/com/kronotop/volume/Volume.java: [Extract Method(44), Rename Variable(12), Rename Method(8), Inline Variable(7), Add Parameter(6), Extract Class(5), Change Variable Type(4), Change Return Type(4), Move Attribute(4), Add Thrown Exception Type(3), Rename Attribute(2), Change Attribute Access Modifier(2), Add Attribute Annotation(1)] kronotop/src/main/java/com/kronotop/volume/VolumeMetadata.java: [Change Return Type(4), Change Attribute Type(2), Add Attribute Annotation(2), Remove Attribute Annotation(2), Move Attribute(2)] kronotop/src/test/java/com/kronotop/volume/VolumeTest.java: [Rename Variable(8), Inline Variable(5), Extract Variable(5), Extract Class(5), Change Attribute Access Modifier(5), Change Variable Type(4), Move Attribute(3), Rename Method(2), Extract Superclass(2), Pull Up Attribute(2), Move And Rename Method(1)]"
com.kronotop.foundationdb.BaseHandlerTest,setup,23 -> 30,f0376680f5b066951cb02fe1c198f60032a0be3a -> 928d68031095121e2f1d13f8d5aef8e35df4195d,"['https://github.com/kronotop/kronotop/commit/b09afe3f0f54e60e17570aa8415bcc0a7c7bd043', 'https://github.com/kronotop/kronotop/commit/4118cff51395ca4ef5e934da70f5b9433f0df25b', 'https://github.com/kronotop/kronotop/commit/f0376680f5b066951cb02fe1c198f60032a0be3a', 'https://github.com/kronotop/kronotop/commit/928d68031095121e2f1d13f8d5aef8e35df4195d', 'https://github.com/kronotop/kronotop/commit/509435cab557b94d052f88b3a45c51a3acb1f3b5', 'https://github.com/kronotop/kronotop/commit/6111512e718a3abfaab24749cb974a0bd8ecf68a', 'https://github.com/kronotop/kronotop/commit/0d2f3ad98b192c528ba6ea4f2d3566b5a07104dc']",0,0,0,148,4.0,3.0,7.0,7.0,5.0,5.0,1.0,1.0,7,"kronotop/src/test/java/com/kronotop/foundationdb/BaseHandlerTest.java: [Remove Parameter(4), Add Thrown Exception Type(3), Inline Variable(3), Rename Method(2), Rename Attribute(2), Change Attribute Type(2), Move Class(1), Change Method Access Modifier(1), Remove Method Modifier(1), Move Method(1), Move And Rename Method(1)]"
com.kronotop.cluster.handlers.DescribeClusterSubcommand,execute,112 -> 133,2b8b62d5d0c96b4cd0f97bf29470753b43b0442f -> 61ce8ece085f41d19b28f258874ad762c3724411,"['https://github.com/kronotop/kronotop/commit/b2a4200fad09201fab03f9c11e87ee5db9ffd051', 'https://github.com/kronotop/kronotop/commit/08d741ec79cd5537581a97dfa551814c18bfa4e6', 'https://github.com/kronotop/kronotop/commit/2b8b62d5d0c96b4cd0f97bf29470753b43b0442f', 'https://github.com/kronotop/kronotop/commit/61ce8ece085f41d19b28f258874ad762c3724411', 'https://github.com/kronotop/kronotop/commit/f2341d612706e3590941d318e02d55a2862406af']",0,0,0,5,10.0,9.0,16.0,15.0,12.0,10.0,3.0,3.0,14,"kronotop/src/main/java/com/kronotop/cluster/handlers/DescribeClusterSubcommand.java: [Extract And Move Method(7), Change Method Access Modifier(1), Pull Up Method(1)]"
com.kronotop.core.cluster.coordinator.CoordinatorService,CoordinatorService,17 -> 22,866d359e78d55c68b83e8f463fe03a051ae83959 -> 4118cff51395ca4ef5e934da70f5b9433f0df25b,"['https://github.com/kronotop/kronotop/commit/866d359e78d55c68b83e8f463fe03a051ae83959', 'https://github.com/kronotop/kronotop/commit/4118cff51395ca4ef5e934da70f5b9433f0df25b']",396,290,106,79,7.0,3.0,8.0,5.0,8.0,3.0,1.0,1.0,8,"kronotop/src/main/java/com/kronotop/core/cluster/coordinator/CoordinatorService.java: [Extract Class(5), Invert Condition(2), Move Attribute(2), Move And Rename Class(1)]"
com.kronotop.volume.replication.ReplicationStageRunner,setActive,111 -> 131,1a02b36acf1820cbba32152b9e0dc70f83d649ba -> 3933a42bf18e452ecfb2697ff838dd90098d6e7b,"['https://github.com/kronotop/kronotop/commit/1a02b36acf1820cbba32152b9e0dc70f83d649ba', 'https://github.com/kronotop/kronotop/commit/3933a42bf18e452ecfb2697ff838dd90098d6e7b']",0,0,0,9,1.0,1.0,10.0,7.0,4.0,3.0,1.0,1.0,4,"kronotop/src/main/java/com/kronotop/volume/replication/ReplicationStageRunner.java: [Extract Class(3), Extract And Move Method(3), Change Attribute Access Modifier(2), Pull Up Attribute(1), Move Attribute(1), Remove Attribute Modifier(1)]"
com.kronotop.cluster.handlers.InitializeClusterSubcommand,initializeCluster,130 -> 139,86cc818f36ceb62d4f449d413d59651546c6fcf9 -> f2341d612706e3590941d318e02d55a2862406af,"['https://github.com/kronotop/kronotop/commit/86cc818f36ceb62d4f449d413d59651546c6fcf9', 'https://github.com/kronotop/kronotop/commit/f2341d612706e3590941d318e02d55a2862406af', 'https://github.com/kronotop/kronotop/commit/e185eac3f6ad3e7901f82bd01f1fec6666f2d0ee']",0,0,0,646,6.0,5.0,17.0,17.0,13.0,13.0,4.0,4.0,13,"kronotop/src/main/java/com/kronotop/cluster/handlers/InitializeClusterSubcommand.java: [Extract Method(31), Rename Variable(4), Change Parameter Type(4)]"
com.kronotop.volume.segment.Segment,createOrOpenSegmentFile,105 -> 136,6e4a5af7e55a58de05243eaf5dfdde69f46ce3a0 -> 37a600d21debadb0ee20e1632392c4d7c71feeec,"['https://github.com/kronotop/kronotop/commit/6e4a5af7e55a58de05243eaf5dfdde69f46ce3a0', 'https://github.com/kronotop/kronotop/commit/37a600d21debadb0ee20e1632392c4d7c71feeec']",6,6,0,78,3.0,3.0,14.0,14.0,9.0,7.0,3.0,3.0,9,"kronotop/src/main/java/com/kronotop/volume/segment/Segment.java: [Change Method Access Modifier(11), Change Return Type(2), Move Class(1), Change Attribute Access Modifier(1)] kronotop/src/test/java/com/kronotop/volume/segment/SegmentMetadataTest.java: [Move Class(1)] kronotop/src/test/java/com/kronotop/volume/segment/SegmentTest.java: [Change Variable Type(4), Rename Variable(4), Move Class(1)] kronotop/src/main/java/com/kronotop/volume/segment/SegmentMetadata.java: [Extract Class(12), Move Method(7), Change Method Access Modifier(7), Move Attribute(5)]"
com.kronotop.cluster.RoutingService,loadRoute,109 -> 112,08d741ec79cd5537581a97dfa551814c18bfa4e6 -> 2b8b62d5d0c96b4cd0f97bf29470753b43b0442f,"['https://github.com/kronotop/kronotop/commit/08d741ec79cd5537581a97dfa551814c18bfa4e6', 'https://github.com/kronotop/kronotop/commit/2b8b62d5d0c96b4cd0f97bf29470753b43b0442f', 'https://github.com/kronotop/kronotop/commit/86cc818f36ceb62d4f449d413d59651546c6fcf9']",0,0,0,51,7.0,8.0,21.0,19.0,6.0,7.0,4.0,3.0,6,"kronotop/src/main/java/com/kronotop/cluster/RoutingService.java: [Change Variable Type(4), Split Conditional(3), Move Attribute(3), Move Method(3), Extract Class(2), Rename Parameter(2), Move Class(1), Change Method Access Modifier(1)]"
com.kronotop.core.cluster.MembershipService,getLastHeartbeat,17 -> 30,866d359e78d55c68b83e8f463fe03a051ae83959 -> 928d68031095121e2f1d13f8d5aef8e35df4195d,"['https://github.com/kronotop/kronotop/commit/866d359e78d55c68b83e8f463fe03a051ae83959', 'https://github.com/kronotop/kronotop/commit/928d68031095121e2f1d13f8d5aef8e35df4195d']",0,0,0,148,7.0,6.0,14.0,14.0,8.0,8.0,3.0,3.0,8,"kronotop/src/main/java/com/kronotop/core/cluster/MembershipService.java: [Rename Variable(6), Change Variable Type(4), Rename Attribute(3), Rename Method(2), Change Attribute Type(2), Move And Rename Class(1), Rename Class(1), Remove Thrown Exception Type(1), Extract Class(1)] kronotop/src/test/java/com/kronotop/core/cluster/MembershipServiceTest.java: [Change Variable Type(10), Rename Variable(6), Move Method(1)]"
com.kronotop.volume.Segment,createOrOpenSegmentFile,95 -> 103,0d2f3ad98b192c528ba6ea4f2d3566b5a07104dc -> c90e3bfa57d77a86466fe9714342511c386dfebe,"['https://github.com/kronotop/kronotop/commit/00ffc5be77f706507d41aa41cc1c3cbfac4407b9', 'https://github.com/kronotop/kronotop/commit/0d2f3ad98b192c528ba6ea4f2d3566b5a07104dc', 'https://github.com/kronotop/kronotop/commit/c90e3bfa57d77a86466fe9714342511c386dfebe', 'https://github.com/kronotop/kronotop/commit/5f4e5e4c2f95089b50bef05ae4bdebe65f1e9865']",0,0,0,80,3.0,2.0,14.0,14.0,9.0,9.0,3.0,3.0,10,"kronotop/src/main/java/com/kronotop/volume/Segment.java: [Extract Method(6), Change Parameter Type(4), Rename Parameter(4), Remove Parameter(3), Move Attribute(3), Change Class Access Modifier(2), Change Attribute Access Modifier(2), Remove Attribute Modifier(1)]"
com.kronotop.core.cluster.MembershipService,registerMember,24 -> 30,9f7c76a71454bb363864bb5c728215fe742bacd9 -> 928d68031095121e2f1d13f8d5aef8e35df4195d,"['https://github.com/kronotop/kronotop/commit/9f7c76a71454bb363864bb5c728215fe742bacd9', 'https://github.com/kronotop/kronotop/commit/928d68031095121e2f1d13f8d5aef8e35df4195d']",0,0,0,148,12.0,11.0,23.0,23.0,22.0,22.0,5.0,5.0,22,"kronotop/src/main/java/com/kronotop/core/cluster/MembershipService.java: [Extract Method(35), Rename Method(2)]"
com.kronotop.redis.server.protocol.CommandMessage,parse,51 -> 96,eb652d4fc806c2fadc196492e54abe0cda6ec87f -> 2c9b6304561bc015c85d2d48e282e43914755521,"['https://github.com/kronotop/kronotop/commit/b09afe3f0f54e60e17570aa8415bcc0a7c7bd043', 'https://github.com/kronotop/kronotop/commit/eb652d4fc806c2fadc196492e54abe0cda6ec87f', 'https://github.com/kronotop/kronotop/commit/2c9b6304561bc015c85d2d48e282e43914755521']",1,0,1,101,3.0,3.0,15.0,14.0,8.0,8.0,5.0,5.0,6,"kronotop/src/main/java/com/kronotop/redis/server/protocol/CommandMessage.java: [Extract Method(15), Rename Variable(12)]"
com.kronotop.cluster.handlers.BaseKrAdminSubcommandHandler,getNumberOfShards,109 -> 139,08d741ec79cd5537581a97dfa551814c18bfa4e6 -> f2341d612706e3590941d318e02d55a2862406af,"['https://github.com/kronotop/kronotop/commit/08d741ec79cd5537581a97dfa551814c18bfa4e6', 'https://github.com/kronotop/kronotop/commit/f2341d612706e3590941d318e02d55a2862406af', 'https://github.com/kronotop/kronotop/commit/d7d6f0776a8ce0370589c3d1e9c02a7839a5f6af']",0,0,0,646,2.0,1.0,6.0,6.0,4.0,4.0,2.0,2.0,4,"kronotop/src/main/java/com/kronotop/cluster/handlers/BaseKrAdminSubcommandHandler.java: [Extract And Move Method(24), Localize Parameter(4), Rename Parameter(4), Change Return Type(4), Change Variable Type(4), Change Method Access Modifier(3), Push Down Method(2), Add Parameter(1), Pull Up Method(1), Move Method(1)]"
com.kronotop.core.cluster.MembershipService$HeartbeatTask,run,17 -> 30,866d359e78d55c68b83e8f463fe03a051ae83959 -> 928d68031095121e2f1d13f8d5aef8e35df4195d,"['https://github.com/kronotop/kronotop/commit/866d359e78d55c68b83e8f463fe03a051ae83959', 'https://github.com/kronotop/kronotop/commit/928d68031095121e2f1d13f8d5aef8e35df4195d']",0,0,0,148,3.0,2.0,18.0,18.0,12.0,12.0,4.0,4.0,12,"kronotop/src/main/java/com/kronotop/core/cluster/MembershipService.java: [Rename Variable(6), Change Variable Type(4), Rename Attribute(3), Rename Method(2), Change Attribute Type(2), Move And Rename Class(1), Rename Class(1), Remove Thrown Exception Type(1), Extract Class(1)] kronotop/src/test/java/com/kronotop/core/cluster/MembershipServiceTest.java: [Change Variable Type(10), Rename Variable(6), Move Method(1)]"
com.kronotop.volume.Volume,createSegment,95 -> 96,0d2f3ad98b192c528ba6ea4f2d3566b5a07104dc -> 2c9b6304561bc015c85d2d48e282e43914755521,"['https://github.com/kronotop/kronotop/commit/00ffc5be77f706507d41aa41cc1c3cbfac4407b9', 'https://github.com/kronotop/kronotop/commit/0d2f3ad98b192c528ba6ea4f2d3566b5a07104dc', 'https://github.com/kronotop/kronotop/commit/2c9b6304561bc015c85d2d48e282e43914755521', 'https://github.com/kronotop/kronotop/commit/2f30580cd6f68119a334eb1bd046e5866bd6d766', 'https://github.com/kronotop/kronotop/commit/5f4e5e4c2f95089b50bef05ae4bdebe65f1e9865', 'https://github.com/kronotop/kronotop/commit/6e4a5af7e55a58de05243eaf5dfdde69f46ce3a0', 'https://github.com/kronotop/kronotop/commit/b2a4200fad09201fab03f9c11e87ee5db9ffd051', 'https://github.com/kronotop/kronotop/commit/08d741ec79cd5537581a97dfa551814c18bfa4e6']",6,4,2,101,5.0,4.0,18.0,18.0,14.0,14.0,1.0,1.0,15,"kronotop/src/main/java/com/kronotop/volume/Volume.java: [Extract Method(44), Rename Variable(12), Rename Method(8), Inline Variable(7), Add Parameter(6), Extract Class(5), Change Variable Type(4), Change Return Type(4), Move Attribute(4), Add Thrown Exception Type(3), Rename Attribute(2), Change Attribute Access Modifier(2), Add Attribute Annotation(1)] kronotop/src/main/java/com/kronotop/volume/VolumeMetadata.java: [Change Return Type(4), Change Attribute Type(2), Add Attribute Annotation(2), Remove Attribute Annotation(2), Move Attribute(2)] kronotop/src/test/java/com/kronotop/volume/VolumeTest.java: [Rename Variable(8), Inline Variable(5), Extract Variable(5), Extract Class(5), Change Attribute Access Modifier(5), Change Variable Type(4), Move Attribute(3), Rename Method(2), Extract Superclass(2), Pull Up Attribute(2), Move And Rename Method(1)]"
com.kronotop.task.TaskService$TaskRunner,run,136 -> 173,37a600d21debadb0ee20e1632392c4d7c71feeec -> f9a2de5cd1e07a8e5765c2aec7aab19e78a4ca33,"['https://github.com/kronotop/kronotop/commit/37a600d21debadb0ee20e1632392c4d7c71feeec', 'https://github.com/kronotop/kronotop/commit/f9a2de5cd1e07a8e5765c2aec7aab19e78a4ca33']",14,2,12,29,1.0,0.0,10.0,4.0,7.0,5.0,1.0,1.0,7,"kronotop/src/main/java/com/kronotop/task/TaskService.java: [Add Parameter Annotation(6), Change Variable Type(4), Change Parameter Type(4), Rename Variable(4), Extract Class(3), Move And Rename Class(2), Rename Parameter(2), Move Method(1)] kronotop/src/test/java/com/kronotop/task/TaskServiceTest.java: [Change Variable Type(2), Move And Rename Class(1)]"
com.kronotop.redis.BaseHandlerTest,newChannel,23 -> 91,f0376680f5b066951cb02fe1c198f60032a0be3a -> 6111512e718a3abfaab24749cb974a0bd8ecf68a,"['https://github.com/kronotop/kronotop/commit/b09afe3f0f54e60e17570aa8415bcc0a7c7bd043', 'https://github.com/kronotop/kronotop/commit/f0376680f5b066951cb02fe1c198f60032a0be3a', 'https://github.com/kronotop/kronotop/commit/6111512e718a3abfaab24749cb974a0bd8ecf68a', 'https://github.com/kronotop/kronotop/commit/948898fcd7faa64e7fc0d0fc77b52e017767f928']",25,0,25,274,3.0,1.0,3.0,3.0,1.0,1.0,1.0,1.0,1,"kronotop/src/test/java/com/kronotop/redis/BaseHandlerTest.java: [Replace Variable With Attribute(4), Change Variable Type(4), Remove Parameter(4), Change Method Access Modifier(3), Rename Method(2), Remove Method Modifier(1), Move Method(1)]"
com.kronotop.volume.replication.ReplicationStageRunner,fetchSegmentRange,111 -> 112,1a02b36acf1820cbba32152b9e0dc70f83d649ba -> 2b8b62d5d0c96b4cd0f97bf29470753b43b0442f,"['https://github.com/kronotop/kronotop/commit/6e4a5af7e55a58de05243eaf5dfdde69f46ce3a0', 'https://github.com/kronotop/kronotop/commit/b2a4200fad09201fab03f9c11e87ee5db9ffd051', 'https://github.com/kronotop/kronotop/commit/1a02b36acf1820cbba32152b9e0dc70f83d649ba', 'https://github.com/kronotop/kronotop/commit/2b8b62d5d0c96b4cd0f97bf29470753b43b0442f', 'https://github.com/kronotop/kronotop/commit/b88cd9048320537c135b52267e84db3cceed5909']",20,15,5,51,3.0,3.0,11.0,18.0,11.0,9.0,3.0,6.0,8,"kronotop/src/main/java/com/kronotop/volume/replication/ReplicationStageRunner.java: [Extract Class(3), Extract And Move Method(3), Change Attribute Access Modifier(2), Pull Up Attribute(1), Move Attribute(1), Remove Attribute Modifier(1)]"
com.kronotop.instance.KronotopInstance,registerKronotopServices,103 -> 108,c90e3bfa57d77a86466fe9714342511c386dfebe -> b2a4200fad09201fab03f9c11e87ee5db9ffd051,"['https://github.com/kronotop/kronotop/commit/f0376680f5b066951cb02fe1c198f60032a0be3a', 'https://github.com/kronotop/kronotop/commit/eb652d4fc806c2fadc196492e54abe0cda6ec87f', 'https://github.com/kronotop/kronotop/commit/296b10c99e5dde921bd2a047979885833ae11c09', 'https://github.com/kronotop/kronotop/commit/8371bbfcd63f6a56630494c949b268b9c39a2059', 'https://github.com/kronotop/kronotop/commit/f1596416469c69a58b61d5ac8a4f2f01fbb8526e', 'https://github.com/kronotop/kronotop/commit/6111512e718a3abfaab24749cb974a0bd8ecf68a', 'https://github.com/kronotop/kronotop/commit/00ffc5be77f706507d41aa41cc1c3cbfac4407b9', 'https://github.com/kronotop/kronotop/commit/2c9b6304561bc015c85d2d48e282e43914755521', 'https://github.com/kronotop/kronotop/commit/2f30580cd6f68119a334eb1bd046e5866bd6d766', 'https://github.com/kronotop/kronotop/commit/c90e3bfa57d77a86466fe9714342511c386dfebe', 'https://github.com/kronotop/kronotop/commit/b2a4200fad09201fab03f9c11e87ee5db9ffd051', 'https://github.com/kronotop/kronotop/commit/08d741ec79cd5537581a97dfa551814c18bfa4e6', 'https://github.com/kronotop/kronotop/commit/1a02b36acf1820cbba32152b9e0dc70f83d649ba', 'https://github.com/kronotop/kronotop/commit/b778f24977d3cd0b0abcce2a751870258c0467e2', 'https://github.com/kronotop/kronotop/commit/fda8b3ca283da790fee22b8a9f4e2ae53ac9eb15', 'https://github.com/kronotop/kronotop/commit/f86dd75aa9902886ec1062950deb000571a6c5b1', 'https://github.com/kronotop/kronotop/commit/d7d6f0776a8ce0370589c3d1e9c02a7839a5f6af']",3,0,3,480,6.0,5.0,16.0,14.0,3.0,3.0,1.0,1.0,5,"kronotop/src/main/java/com/kronotop/instance/KronotopInstance.java: [Rename Variable(12), Extract Method(11), Remove Thrown Exception Type(3), Add Parameter(3)] kronotop/src/main/java/com/kronotop/instance/KronotopInstanceWithRESP.java: [Change Return Type(4), Add Parameter(3), Remove Thrown Exception Type(3), Rename Method(2)]"
com.kronotop.redis.RedisService,findShard_internal,124 -> 139,35b27c46491eb233d87a0bb6f47275c74db134c8 -> f2341d612706e3590941d318e02d55a2862406af,"['https://github.com/kronotop/kronotop/commit/516b75d00e5e45e07531850e3832516a6fe81b0e', 'https://github.com/kronotop/kronotop/commit/637c335ea1dac20d21e7ac1538c0b8a8e956372f', 'https://github.com/kronotop/kronotop/commit/35b27c46491eb233d87a0bb6f47275c74db134c8', 'https://github.com/kronotop/kronotop/commit/f2341d612706e3590941d318e02d55a2862406af']",0,0,0,646,6.0,5.0,8.0,8.0,12.0,12.0,2.0,2.0,14,"kronotop/src/main/java/com/kronotop/redis/RedisService.java: [Extract Method(51), Change Method Access Modifier(2)]"
com.kronotop.core.cluster.coordinator.CoordinatorService,createOrOpenShardSubspaces,22 -> 23,4118cff51395ca4ef5e934da70f5b9433f0df25b -> f0376680f5b066951cb02fe1c198f60032a0be3a,"['https://github.com/kronotop/kronotop/commit/4118cff51395ca4ef5e934da70f5b9433f0df25b', 'https://github.com/kronotop/kronotop/commit/f0376680f5b066951cb02fe1c198f60032a0be3a', 'https://github.com/kronotop/kronotop/commit/928d68031095121e2f1d13f8d5aef8e35df4195d']",12,9,3,49,4.0,4.0,9.0,9.0,13.0,10.0,2.0,2.0,13,"kronotop/src/main/java/com/kronotop/core/cluster/coordinator/CoordinatorService.java: [Extract Method(16), Merge Variable(5), Extract Variable(5), Change Parameter Type(4), Move Attribute(1)]"
com.kronotop.volume.Volume,getOrOpenSegmentByName,95 -> 96,0d2f3ad98b192c528ba6ea4f2d3566b5a07104dc -> 2c9b6304561bc015c85d2d48e282e43914755521,"['https://github.com/kronotop/kronotop/commit/0d2f3ad98b192c528ba6ea4f2d3566b5a07104dc', 'https://github.com/kronotop/kronotop/commit/2c9b6304561bc015c85d2d48e282e43914755521', 'https://github.com/kronotop/kronotop/commit/2f30580cd6f68119a334eb1bd046e5866bd6d766', 'https://github.com/kronotop/kronotop/commit/6e4a5af7e55a58de05243eaf5dfdde69f46ce3a0', 'https://github.com/kronotop/kronotop/commit/b2a4200fad09201fab03f9c11e87ee5db9ffd051']",6,4,2,101,4.0,3.0,29.0,29.0,10.0,10.0,4.0,4.0,10,"kronotop/src/main/java/com/kronotop/volume/Volume.java: [Extract Method(44), Rename Variable(12), Rename Method(8), Inline Variable(7), Add Parameter(6), Extract Class(5), Change Variable Type(4), Change Return Type(4), Move Attribute(4), Add Thrown Exception Type(3), Rename Attribute(2), Change Attribute Access Modifier(2), Add Attribute Annotation(1)] kronotop/src/main/java/com/kronotop/volume/VolumeMetadata.java: [Change Return Type(4), Change Attribute Type(2), Add Attribute Annotation(2), Remove Attribute Annotation(2), Move Attribute(2)] kronotop/src/test/java/com/kronotop/volume/VolumeTest.java: [Rename Variable(8), Inline Variable(5), Extract Variable(5), Extract Class(5), Change Attribute Access Modifier(5), Change Variable Type(4), Move Attribute(3), Rename Method(2), Extract Superclass(2), Pull Up Attribute(2), Move And Rename Method(1)]"
com.kronotop.BaseHandlerTest,setup,169 -> 170,f86dd75aa9902886ec1062950deb000571a6c5b1 -> d7d6f0776a8ce0370589c3d1e9c02a7839a5f6af,"['https://github.com/kronotop/kronotop/commit/f86dd75aa9902886ec1062950deb000571a6c5b1', 'https://github.com/kronotop/kronotop/commit/d7d6f0776a8ce0370589c3d1e9c02a7839a5f6af']",26,5,21,107,3.0,2.0,4.0,5.0,2.0,4.0,1.0,1.0,2,"kronotop/src/test/java/com/kronotop/BaseHandlerTest.java: [Extract Method(7), Move Class(1), Move Method(1)]"
com.kronotop.cluster.MembershipService,configureClusterEventsWatcher,108 -> 109,b2a4200fad09201fab03f9c11e87ee5db9ffd051 -> 08d741ec79cd5537581a97dfa551814c18bfa4e6,"['https://github.com/kronotop/kronotop/commit/b2a4200fad09201fab03f9c11e87ee5db9ffd051', 'https://github.com/kronotop/kronotop/commit/08d741ec79cd5537581a97dfa551814c18bfa4e6']",28,4,24,100,2.0,1.0,6.0,6.0,7.0,6.0,1.0,1.0,7,"kronotop/src/main/java/com/kronotop/cluster/MembershipService.java: [Change Return Type(16), Extract Method(9), Remove Thrown Exception Type(9), Move And Inline Method(9), Change Variable Type(8), Parameterize Variable(6), Rename Variable(6), Change Method Access Modifier(4), Add Parameter Annotation(4), Extract Variable(3), Rename Attribute(2), Remove Parameter(2), Move And Rename Method(2), Move Attribute(1), Add Method Modifier(1), Add Parameter(1)]"
com.kronotop.volume.Segment,insert,95 -> 97,0d2f3ad98b192c528ba6ea4f2d3566b5a07104dc -> 2f30580cd6f68119a334eb1bd046e5866bd6d766,"['https://github.com/kronotop/kronotop/commit/0d2f3ad98b192c528ba6ea4f2d3566b5a07104dc', 'https://github.com/kronotop/kronotop/commit/2f30580cd6f68119a334eb1bd046e5866bd6d766']",8,4,4,120,1.0,1.0,12.0,12.0,8.0,7.0,2.0,2.0,8,"kronotop/src/main/java/com/kronotop/volume/Segment.java: [Extract Method(6), Change Parameter Type(4), Rename Parameter(4), Remove Parameter(3), Move Attribute(3), Change Class Access Modifier(2), Change Attribute Access Modifier(2), Remove Attribute Modifier(1)]"
com.kronotop.core.cluster.coordinator.CoordinatorService,shutdown,22 -> 67,4118cff51395ca4ef5e934da70f5b9433f0df25b -> 63973609f41895499756e4c5ddbf70e1625d05f2,"['https://github.com/kronotop/kronotop/commit/866d359e78d55c68b83e8f463fe03a051ae83959', 'https://github.com/kronotop/kronotop/commit/4118cff51395ca4ef5e934da70f5b9433f0df25b', 'https://github.com/kronotop/kronotop/commit/63973609f41895499756e4c5ddbf70e1625d05f2']",11,4,7,6,0.0,5.0,16.0,13.0,6.0,9.0,4.0,3.0,6,"kronotop/src/main/java/com/kronotop/core/cluster/coordinator/CoordinatorService.java: [Extract Method(16), Merge Variable(5), Extract Variable(5), Change Parameter Type(4), Move Attribute(1)]"
com.kronotop.cluster.handlers.BaseKrAdminSubcommandHandler,readShardKind,109 -> 168,08d741ec79cd5537581a97dfa551814c18bfa4e6 -> fda8b3ca283da790fee22b8a9f4e2ae53ac9eb15,"['https://github.com/kronotop/kronotop/commit/08d741ec79cd5537581a97dfa551814c18bfa4e6', 'https://github.com/kronotop/kronotop/commit/fda8b3ca283da790fee22b8a9f4e2ae53ac9eb15']",18,3,15,26,4.0,3.0,9.0,9.0,3.0,3.0,2.0,2.0,3,"kronotop/src/main/java/com/kronotop/cluster/handlers/BaseKrAdminSubcommandHandler.java: [Extract And Move Method(24), Localize Parameter(4), Rename Parameter(4), Change Return Type(4), Change Variable Type(4), Change Method Access Modifier(3), Push Down Method(2), Add Parameter(1), Pull Up Method(1), Move Method(1)]"
com.kronotop.sql.protocol.SqlMessage,parse,82 -> 86,84bfb7cc43fec5a31414201520f886b1582be3b8 -> db3a35e3106cf753d4b634e7adaaad36e168c00d,"['https://github.com/kronotop/kronotop/commit/296b10c99e5dde921bd2a047979885833ae11c09', 'https://github.com/kronotop/kronotop/commit/509435cab557b94d052f88b3a45c51a3acb1f3b5', 'https://github.com/kronotop/kronotop/commit/d7aa5aa528c76ac9a5a9c03b44d5f8531217d0b4', 'https://github.com/kronotop/kronotop/commit/84bfb7cc43fec5a31414201520f886b1582be3b8', 'https://github.com/kronotop/kronotop/commit/db3a35e3106cf753d4b634e7adaaad36e168c00d']",17,10,7,200,3.0,3.0,13.0,16.0,8.0,7.0,3.0,4.0,4,"kronotop/src/main/java/com/kronotop/sql/protocol/SqlMessage.java: [Extract Method(15), Rename Variable(4)]"
com.kronotop.foundationdb.BaseHandlerTest,tearDown,23 -> 30,f0376680f5b066951cb02fe1c198f60032a0be3a -> 928d68031095121e2f1d13f8d5aef8e35df4195d,"['https://github.com/kronotop/kronotop/commit/f0376680f5b066951cb02fe1c198f60032a0be3a', 'https://github.com/kronotop/kronotop/commit/928d68031095121e2f1d13f8d5aef8e35df4195d', 'https://github.com/kronotop/kronotop/commit/509435cab557b94d052f88b3a45c51a3acb1f3b5', 'https://github.com/kronotop/kronotop/commit/6111512e718a3abfaab24749cb974a0bd8ecf68a', 'https://github.com/kronotop/kronotop/commit/0d2f3ad98b192c528ba6ea4f2d3566b5a07104dc']",0,0,0,148,2.0,1.0,6.0,6.0,1.0,1.0,2.0,2.0,1,"kronotop/src/test/java/com/kronotop/foundationdb/BaseHandlerTest.java: [Remove Parameter(4), Add Thrown Exception Type(3), Inline Variable(3), Rename Method(2), Rename Attribute(2), Change Attribute Type(2), Move Class(1), Change Method Access Modifier(1), Remove Method Modifier(1), Move Method(1), Move And Rename Method(1)]"
com.kronotop.core.ProcessIdGeneratorImpl,getDirectoryRoot,22 -> 30,4118cff51395ca4ef5e934da70f5b9433f0df25b -> 928d68031095121e2f1d13f8d5aef8e35df4195d,"['https://github.com/kronotop/kronotop/commit/4118cff51395ca4ef5e934da70f5b9433f0df25b', 'https://github.com/kronotop/kronotop/commit/928d68031095121e2f1d13f8d5aef8e35df4195d']",0,0,0,148,4.0,3.0,7.0,7.0,7.0,7.0,2.0,2.0,7,"kronotop/src/main/java/com/kronotop/core/ProcessIdGeneratorImpl.java: [Split Class(1)] kronotop/src/test/java/com/kronotop/core/ProcessIdGeneratorImplTest.java: [Move Method(1), Move And Rename Method(1)]"
com.kronotop.redis.connection.AuthHandlerRequirePassTest,setup,3 -> 30,b1e4f5db3553e863967927bd25bf1e3e5d5c9dcf -> 928d68031095121e2f1d13f8d5aef8e35df4195d,"['https://github.com/kronotop/kronotop/commit/b1e4f5db3553e863967927bd25bf1e3e5d5c9dcf', 'https://github.com/kronotop/kronotop/commit/928d68031095121e2f1d13f8d5aef8e35df4195d', 'https://github.com/kronotop/kronotop/commit/bf74c7cb1631f45bc9259fdd81aafc44e3045882', 'https://github.com/kronotop/kronotop/commit/6111512e718a3abfaab24749cb974a0bd8ecf68a', 'https://github.com/kronotop/kronotop/commit/948898fcd7faa64e7fc0d0fc77b52e017767f928', 'https://github.com/kronotop/kronotop/commit/00ffc5be77f706507d41aa41cc1c3cbfac4407b9']",0,0,0,148,4.0,2.0,4.0,4.0,2.0,2.0,1.0,1.0,2,kronotop/src/test/java/com/kronotop/redis/connection/AuthHandlerRequirePassTest.java: [Move Method(1)]
com.kronotop.cluster.handlers.DescribeClusterSubcommand,execute,133 -> 139,61ce8ece085f41d19b28f258874ad762c3724411 -> f2341d612706e3590941d318e02d55a2862406af,"['https://github.com/kronotop/kronotop/commit/b2a4200fad09201fab03f9c11e87ee5db9ffd051', 'https://github.com/kronotop/kronotop/commit/08d741ec79cd5537581a97dfa551814c18bfa4e6', 'https://github.com/kronotop/kronotop/commit/2b8b62d5d0c96b4cd0f97bf29470753b43b0442f', 'https://github.com/kronotop/kronotop/commit/61ce8ece085f41d19b28f258874ad762c3724411', 'https://github.com/kronotop/kronotop/commit/f2341d612706e3590941d318e02d55a2862406af']",0,0,0,646,9.0,8.0,15.0,15.0,10.0,10.0,3.0,3.0,14,"kronotop/src/main/java/com/kronotop/cluster/handlers/DescribeClusterSubcommand.java: [Extract And Move Method(7), Change Method Access Modifier(1), Pull Up Method(1)]"
com.kronotop.cluster.MembershipService,MembershipService,108 -> 109,b2a4200fad09201fab03f9c11e87ee5db9ffd051 -> 08d741ec79cd5537581a97dfa551814c18bfa4e6,"['https://github.com/kronotop/kronotop/commit/1f3bce618683711f47478136f32d57a0782f7047', 'https://github.com/kronotop/kronotop/commit/2f30580cd6f68119a334eb1bd046e5866bd6d766', 'https://github.com/kronotop/kronotop/commit/c90e3bfa57d77a86466fe9714342511c386dfebe', 'https://github.com/kronotop/kronotop/commit/b2a4200fad09201fab03f9c11e87ee5db9ffd051', 'https://github.com/kronotop/kronotop/commit/08d741ec79cd5537581a97dfa551814c18bfa4e6', 'https://github.com/kronotop/kronotop/commit/86cc818f36ceb62d4f449d413d59651546c6fcf9']",28,4,24,100,5.0,3.0,16.0,10.0,9.0,6.0,2.0,1.0,5,"kronotop/src/main/java/com/kronotop/cluster/MembershipService.java: [Change Return Type(16), Extract Method(9), Remove Thrown Exception Type(9), Move And Inline Method(9), Change Variable Type(8), Parameterize Variable(6), Rename Variable(6), Change Method Access Modifier(4), Add Parameter Annotation(4), Extract Variable(3), Rename Attribute(2), Remove Parameter(2), Move And Rename Method(2), Move Attribute(1), Add Method Modifier(1), Add Parameter(1)]"
